,Player,Pos,Age,Tm,G,MP,FG%,Dist.,2P_FGA%,0-3_FGA%,3-10_FGA%,10-16_FGA%,16-3P_FGA%,3P_FGA%,2P_FG%,0-3_FG%,3-10_FG%,10-16_FG%,16-3P_FG%,3P_FG%,2P_FGast,3P_FGast,Dunks_%FGA,Dunks_#,Corner_%3PA,Corner_3P%,Heaves_Att.,Heaves_#,Year,PERSON_ID,FIRST_NAME,LAST_NAME,DISPLAY_FIRST_LAST,DISPLAY_LAST_COMMA_FIRST,DISPLAY_FI_LAST,PLAYER_SLUG,BIRTHDATE,SCHOOL,COUNTRY,LAST_AFFILIATION,HEIGHT,WEIGHT,SEASON_EXP,POSITION,ROSTERSTATUS,GAMES_PLAYED_CURRENT_SEASON_FLAG,TEAM_ID,PLAYERCODE,FROM_YEAR,TO_YEAR,DLEAGUE_FLAG,NBA_FLAG,GAMES_PLAYED_FLAG,DRAFT_YEAR,GREATEST_75_FLAG,Quartile,FIRST_2,NEXT_2,Improved
0,Aaron Gordon,PF,19.5,ORL,62.5,1330.0,0.45999999999999996,9.7,0.762,0.458,0.127,0.091,0.0875,0.238,0.5155000000000001,0.6445000000000001,0.38149999999999995,0.22000000000000003,0.323,0.2835,0.5025,0.9495,0.128,47.0,0.461,0.3305,1,0,2015,203932.0,Aaron,Gordon,Aaron Gordon,"Gordon, Aaron",A. Gordon,aaron-gordon,1995-09-16T00:00:00,Arizona,USA,Arizona/USA,80.0,235.0,9.0,Forward,Active,Y,1610612743.0,aaron_gordon,2014.0,2023.0,N,Y,Y,2014,N,3,3,4,Yes
1,Aaron Holiday,PG,22.5,IND,58.0,1131.5,0.4075,16.4,0.5609999999999999,0.199,0.1445,0.093,0.125,0.439,0.443,0.587,0.3375,0.36150000000000004,0.401,0.36650000000000005,0.3375,0.815,0.008,2.0,0.1345,0.4085,1,0,2019,1628988.0,Aaron,Holiday,Aaron Holiday,"Holiday, Aaron",A. Holiday,aaron-holiday,1996-09-30T00:00:00,UCLA,USA,UCLA/USA,72.0,185.0,5.0,Guard,Active,Y,1610612745.0,aaron_holiday,2018.0,2023.0,N,Y,Y,2018,N,2,2,2,No
2,Abdel Nader,SF,24.5,BOS,54.5,608.0,0.3795,13.55,0.5495,0.304,0.1885,0.027,0.0295,0.4505,0.41700000000000004,0.5,0.352,0.0835,0.3335,0.33699999999999997,0.4125,0.963,0.031,4.0,0.377,0.3615,0,0,2018,1627846.0,Abdel,Nader,Abdel Nader,"Nader, Abdel",A. Nader,abdel-nader,1993-09-25T00:00:00,Iowa State,Egypt,Iowa State/Egypt,77.0,225.0,5.0,Forward,Inactive,N,0.0,abdel_nader,2017.0,2021.0,Y,Y,Y,2016,N,1,1,4,Yes
3,Adreian Payne,PF,23.5,TOT,42.0,612.5,0.39,11.35,0.869,0.246,0.23199999999999998,0.11049999999999999,0.281,0.131,0.40800000000000003,0.5615,0.329,0.3085,0.3755,0.196,0.612,0.9445,0.082,12.5,0.1805,0.125,0,0,2015,203940.0,Adreian,Payne,Adreian Payne,"Payne, Adreian",A. Payne,adreian-payne,1991-02-19T00:00:00,Michigan State,USA,Michigan State/USA,82.0,237.0,4.0,Forward,Inactive,N,0.0,adreian_payne,2014.0,2017.0,Y,Y,Y,2014,N,1,2,4,Yes
4,Alize Johnson,PF,22.5,IND,15.5,91.0,0.33199999999999996,9.6,0.7995,0.349,0.3225,0.066,0.0625,0.2005,0.3215,0.5575,0.155,0.0,0.0,0.4375,0.3335,1.0,0.017,0.5,0.5,0.75,0,0,2019,1628993.0,Alize,Johnson,Alize Johnson,"Johnson, Alize",A. Johnson,alize-johnson,1996-04-22T00:00:00,Missouri State,USA,Missouri State/USA,80.0,212.0,5.0,Forward,Inactive,N,0.0,alize_johnson,2018.0,2022.0,Y,Y,Y,2018,N,1,2,4,Yes
5,Andre Roberson,SG,22.5,OKC,53.5,842.5,0.47150000000000003,8.9,0.6930000000000001,0.5915,0.0645,0.0125,0.024499999999999997,0.307,0.588,0.6705000000000001,0.091,0.25,0.0,0.2005,0.6065,0.976,0.16249999999999998,20.0,0.5840000000000001,0.2845,0,0,2014,203460.0,Andre,Roberson,Andre Roberson,"Roberson, Andre",A. Roberson,andre-roberson,1991-12-04T00:00:00,Colorado,USA,Colorado/USA,79.0,210.0,7.0,Guard-Forward,Inactive,N,0.0,andre_roberson,2013.0,2020.0,Y,Y,Y,2013,N,3,3,3,No
6,Andrew Wiggins,SF,19.5,MIN,81.5,2907.0,0.448,10.600000000000001,0.871,0.3165,0.175,0.14700000000000002,0.23399999999999999,0.129,0.46950000000000003,0.655,0.4,0.383,0.32599999999999996,0.305,0.4995,0.8485,0.07350000000000001,81.5,0.202,0.4095,1,0,2015,203952.0,Andrew,Wiggins,Andrew Wiggins,"Wiggins, Andrew",A. Wiggins,andrew-wiggins,1995-02-23T00:00:00,Kansas,Canada,Kansas/Canada,79.0,197.0,9.0,Forward,Active,Y,1610612744.0,andrew_wiggins,2014.0,2023.0,N,Y,Y,2014,N,3,3,3,No
7,Archie Goodwin,SG,19.5,PHO,46.5,534.0,0.42400000000000004,8.85,0.79,0.536,0.14600000000000002,0.0415,0.0665,0.21,0.48050000000000004,0.577,0.27849999999999997,0.1965,0.3635,0.216,0.369,0.9585,0.0905,14.5,0.278,0.2645,2,0,2014,203462.0,Archie,Goodwin,Archie Goodwin,"Goodwin, Archie",A. Goodwin,archie-goodwin,1994-08-17T00:00:00,Kentucky,USA,Kentucky/USA,77.0,205.0,5.0,Guard,Inactive,N,1610612756.0,archie_goodwin,2013.0,2016.0,Y,Y,Y,2013,N,3,3,2,No
8,Brandon Ingram,SF,19.5,LAL,69.0,2127.0,0.436,11.5,0.7945,0.3265,0.1465,0.14250000000000002,0.1795,0.20550000000000002,0.46299999999999997,0.6385000000000001,0.248,0.33999999999999997,0.41400000000000003,0.34199999999999997,0.3625,0.9664999999999999,0.0605,41.5,0.344,0.406,1,0,2017,1627742.0,Brandon,Ingram,Brandon Ingram,"Ingram, Brandon",B. Ingram,brandon-ingram,1997-09-02T00:00:00,Duke,USA,Duke/USA,80.0,190.0,7.0,Forward,Active,Y,1610612740.0,brandon_ingram,2016.0,2023.0,N,Y,Y,2016,N,2,3,3,No
9,Bruce Brown,SG,22.5,DET,66.0,1541.5,0.4205,9.35,0.7444999999999999,0.3975,0.304,0.0305,0.012,0.2555,0.4635,0.5834999999999999,0.32999999999999996,0.3125,0.225,0.301,0.498,0.964,0.0645,18.5,0.5385,0.387,3,0,2019,1628971.0,Bruce,Brown,Bruce Brown,"Brown, Bruce",B. Brown,bruce-brown,1996-08-15T00:00:00,Miami,USA,Miami/USA,76.0,202.0,5.0,Guard-Forward,Active,Y,1610612754.0,bruce_brown,2018.0,2023.0,Y,Y,Y,2018,N,1,2,3,Yes
10,Bruno Caboclo,SF,19.5,TOR,7.0,33.0,0.20800000000000002,14.6,0.5835,0.125,0.292,0.0415,0.125,0.4165,0.111,0.3335,0.0,0.0,0.0,0.405,0.5,1.0,0.0415,0.5,0.5235,0.6,0,0,2015,203998.0,Bruno,Caboclo,Bruno Caboclo,"Caboclo, Bruno",B. Caboclo,bruno-caboclo,1995-09-21T00:00:00,Pinheiros,Brazil,Pinheiros/Brazil,81.0,218.0,8.0,Forward,Inactive,N,0.0,bruno_caboclo,2014.0,2020.0,Y,Y,Y,2014,N,3,3,2,No
11,Bruno Fernando,C,21.5,ATL,44.5,469.5,0.4635,5.75,0.8845,0.6185,0.184,0.054000000000000006,0.0275,0.11549999999999999,0.517,0.6495,0.1485,0.479,0.0,0.0675,0.7635,0.5,0.2155,22.0,0.4525,0.0335,0,0,2020,1628981.0,Bruno,Fernando,Bruno Fernando,"Fernando, Bruno",B. Fernando,bruno-fernando,1998-08-15T00:00:00,Maryland,Angola,Maryland/Angola,81.0,240.0,4.0,Forward-Center,Active,Y,1610612737.0,bruno_fernando,2019.0,2023.0,Y,Y,Y,2019,N,3,3,3,No
12,Buddy Hield,SG,24.5,TOT,81.0,1956.0,0.436,16.65,0.5345,0.1785,0.0985,0.10250000000000001,0.1545,0.4655,0.459,0.5905,0.389,0.3845,0.40149999999999997,0.41100000000000003,0.439,0.782,0.0135,11.0,0.1665,0.503,1,0,2017,1627741.0,Buddy,Hield,Buddy Hield,"Hield, Buddy",B. Hield,buddy-hield,1992-12-17T00:00:00,Oklahoma,Bahamas,Oklahoma/Bahamas,76.0,220.0,7.0,Guard,Active,Y,1610612754.0,buddy_hield,2016.0,2023.0,N,Y,Y,2016,N,1,2,3,Yes
13,CJ McCollum,SG,22.5,POR,50.0,724.5,0.426,16.05,0.585,0.17149999999999999,0.129,0.10550000000000001,0.179,0.41500000000000004,0.4545,0.493,0.49250000000000005,0.5085,0.349,0.3855,0.32599999999999996,0.8775,0.0135,3.5,0.28800000000000003,0.4915,1,0,2014,203468.0,CJ,McCollum,CJ McCollum,"McCollum, CJ",C. McCollum,cj-mccollum,1991-09-19T00:00:00,Lehigh,USA,Lehigh/USA,75.0,190.0,10.0,Guard,Active,Y,1610612740.0,cj_mccollum,2013.0,2023.0,Y,Y,Y,2013,N,1,1,2,Yes
14,Cam Reddish,SF,20.5,ATL,42.0,1150.5,0.3745,15.25,0.535,0.235,0.14700000000000002,0.07650000000000001,0.076,0.46499999999999997,0.444,0.5980000000000001,0.3135,0.2985,0.368,0.29700000000000004,0.5555,0.903,0.0545,14.0,0.277,0.331,0,0,2020,1629629.0,Cam,Reddish,Cam Reddish,"Reddish, Cam",C. Reddish,cam-reddish,1999-09-01T00:00:00,Duke,USA,Duke/USA,79.0,217.0,4.0,Forward-Guard,Active,Y,1610612747.0,cameron_reddish,2019.0,2023.0,N,Y,Y,2019,N,1,2,2,No
15,Cameron Payne,PG,21.5,OKC,44.0,580.0,0.371,16.200000000000003,0.5775,0.1345,0.1645,0.15100000000000002,0.1275,0.4225,0.4065,0.40249999999999997,0.4245,0.44799999999999995,0.361,0.319,0.1785,0.815,0.002,0.5,0.186,0.365,1,0,2016,1626166.0,Cameron,Payne,Cameron Payne,"Payne, Cameron",C. Payne,cameron-payne,1994-08-08T00:00:00,Murray State,USA,Murray State/USA,75.0,183.0,8.0,Guard,Active,Y,1610612749.0,cameron_payne,2015.0,2023.0,Y,Y,Y,2015,N,1,1,2,Yes
16,Caris LeVert,SF,22.5,BRK,64.0,1550.5,0.4425,13.649999999999999,0.5915,0.297,0.14350000000000002,0.087,0.0645,0.4085,0.5255,0.665,0.33599999999999997,0.44900000000000007,0.383,0.33399999999999996,0.32499999999999996,0.7375,0.047,25.5,0.177,0.3355,1,0,2017,1627747.0,Caris,LeVert,Caris LeVert,"LeVert, Caris",C. LeVert,caris-levert,1994-08-25T00:00:00,Michigan,USA,Michigan/USA,78.0,205.0,7.0,Guard,Active,Y,1610612739.0,caris_levert,2016.0,2023.0,N,Y,Y,2016,N,3,3,2,No
17,Chandler Hutchison,SF,22.5,CHI,36.0,711.0,0.458,8.8,0.772,0.472,0.2435,0.044,0.0125,0.22799999999999998,0.506,0.6,0.372,0.193,0.375,0.29800000000000004,0.62,1.0,0.114,18.0,0.49650000000000005,0.327,3,0,2019,1628990.0,Chandler,Hutchison,Chandler Hutchison,"Hutchison, Chandler",C. Hutchison,chandler-hutchison,1996-04-26T00:00:00,Boise State,USA,Boise State/USA,78.0,210.0,4.0,Forward-Guard,Inactive,N,0.0,chandler_hutchison,2018.0,2021.0,Y,Y,Y,2018,N,2,2,1,No
18,Chasson Randle,PG,24.0,TOT,37.5,521.0,0.4135,15.15,0.495,0.2925,0.131,0.036500000000000005,0.0355,0.505,0.45599999999999996,0.569,0.3355,0.3215,0.091,0.37,0.4125,0.692,0.0075,0.5,0.1575,0.2665,0,0,2017,1626184.0,Chasson,Randle,Chasson Randle,"Randle, Chasson",C. Randle,chasson-randle,1993-02-05T00:00:00,Stanford,USA,Stanford/USA,74.0,185.0,5.0,Guard,Inactive,N,1610612753.0,chasson_randle,2016.0,2020.0,Y,Y,Y,2015,N,1,2,3,Yes
19,Clint Capela,C,20.5,HOU,44.5,780.5,0.5325,1.65,0.9984999999999999,0.755,0.2425,0.0,0.0015,0.0015,0.5329999999999999,0.6635,0.1505,0.0,0.0,0.0,0.798,0.0,0.328,54.0,0.0,0.0,0,0,2015,203991.0,Clint,Capela,Clint Capela,"Capela, Clint",C. Capela,clint-capela,1994-05-18T00:00:00,Elan Chalon,Switzerland,Elan Chalon/Switzerland,82.0,256.0,9.0,Center,Active,Y,1610612737.0,clint_capela,2014.0,2023.0,Y,Y,Y,2014,N,3,3,4,Yes
20,Coby White,PG,19.5,CHI,67.0,1915.0,0.405,16.3,0.511,0.2395,0.1075,0.058499999999999996,0.1055,0.489,0.4515,0.5435000000000001,0.33399999999999996,0.41400000000000003,0.3825,0.3565,0.27749999999999997,0.772,0.009000000000000001,5.5,0.152,0.425,1,0,2020,1629632.0,Coby,White,Coby White,"White, Coby",C. White,coby-white,2000-02-16T00:00:00,North Carolina,USA,North Carolina/USA,77.0,195.0,4.0,Guard,Active,Y,1610612741.0,coby_white,2019.0,2023.0,N,Y,Y,2019,N,1,1,2,Yes
21,Cody Martin,SF,24.5,CHO,50.0,876.0,0.4355,11.6,0.6595,0.438,0.10900000000000001,0.0465,0.066,0.3405,0.5305,0.621,0.437,0.107,0.3095,0.255,0.5660000000000001,0.9095,0.093,15.5,0.475,0.2395,0,0,2020,1628998.0,Cody,Martin,Cody Martin,"Martin, Cody",C. Martin,cody-martin,1995-09-28T00:00:00,Nevada,USA,Nevada/USA,78.0,205.0,4.0,Forward,Active,Y,1610612766.0,cody_martin,2019.0,2023.0,Y,Y,Y,2019,N,3,3,3,No
22,Cody Zeller,C,21.5,CHA,72.0,1451.5,0.4435,8.4,0.9975,0.4995,0.10450000000000001,0.0435,0.35,0.0025,0.4435,0.5725,0.291,0.35050000000000003,0.313,0.5,0.7495,0.5,0.128,44.5,0.0,0.0,0,0,2014,203469.0,Cody,Zeller,Cody Zeller,"Zeller, Cody",C. Zeller,cody-zeller,1992-10-05T00:00:00,Indiana,USA,Indiana/USA,83.0,240.0,10.0,Forward-Center,Active,Y,1610612740.0,cody_zeller,2013.0,2023.0,N,Y,Y,2013,N,2,2,3,Yes
23,Collin Sexton,PG,20.5,CLE,73.5,2374.0,0.45099999999999996,12.3,0.76,0.29800000000000004,0.1755,0.148,0.1385,0.24,0.47050000000000003,0.5925,0.351,0.4255,0.4,0.391,0.3055,0.6905,0.0155,15.0,0.1125,0.43000000000000005,1,0,2019,1629012.0,Collin,Sexton,Collin Sexton,"Sexton, Collin",C. Sexton,collin-sexton,1999-01-04T00:00:00,Alabama,USA,Alabama/USA,75.0,190.0,5.0,Guard,Active,Y,1610612762.0,collin_sexton,2018.0,2023.0,N,Y,Y,2018,N,1,2,4,Yes
24,D'Angelo Russell,PG,19.5,LAL,71.5,2035.0,0.4075,16.1,0.585,0.16749999999999998,0.13,0.1345,0.152,0.41500000000000004,0.447,0.5725,0.464,0.34650000000000003,0.3835,0.3515,0.265,0.6645,0.0035,3.0,0.138,0.40449999999999997,7,0,2016,1626156.0,D'Angelo,Russell,D'Angelo Russell,"Russell, D'Angelo",D. Russell,dangelo-russell,1996-02-23T00:00:00,Ohio State,USA,Ohio State/USA,75.0,193.0,8.0,Guard,Active,Y,1610612747.0,d'angelo_russell,2015.0,2023.0,N,Y,Y,2015,N,2,2,2,No
25,Damyean Dotson,SG,23.5,NYK,58.5,1239.0,0.431,17.2,0.544,0.188,0.062,0.099,0.1945,0.45599999999999996,0.49950000000000006,0.5894999999999999,0.3045,0.5385,0.4455,0.346,0.6034999999999999,0.9405,0.014499999999999999,3.0,0.1865,0.4165,1,0,2018,1628422.0,Damyean,Dotson,Damyean Dotson,"Dotson, Damyean",D. Dotson,damyean-dotson,1994-05-06T00:00:00,Houston,USA,Houston/USA,77.0,210.0,5.0,Guard,Inactive,N,0.0,damyean_dotson,2017.0,2021.0,Y,Y,Y,2017,N,2,2,3,Yes
26,Darius Bazley,PF,19.5,OKC,58.0,1422.0,0.395,13.5,0.5705,0.2965,0.1965,0.0385,0.039,0.4295,0.45099999999999996,0.6125,0.2565,0.31,0.34850000000000003,0.31899999999999995,0.5589999999999999,0.8645,0.0785,34.0,0.275,0.27,0,0,2020,1629647.0,Darius,Bazley,Darius Bazley,"Bazley, Darius",D. Bazley,darius-bazley,2000-06-12T00:00:00,Princeton HS (OH),USA,Princeton HS (OH)/USA,81.0,216.0,5.0,Forward,Inactive,Y,1610612756.0,darius_bazley,2019.0,2022.0,Y,Y,Y,2019,N,2,2,2,No
27,Darius Garland,SG,20.5,CLE,56.5,1807.0,0.42600000000000005,14.55,0.6225,0.209,0.21100000000000002,0.13,0.07200000000000001,0.3775,0.4565,0.527,0.4415,0.40800000000000003,0.3645,0.375,0.2935,0.719,0.0005,0.5,0.1775,0.41200000000000003,0,0,2020,1629636.0,Darius,Garland,Darius Garland,"Garland, Darius",D. Garland,darius-garland,2000-01-26T00:00:00,Vanderbilt,USA,Vanderbilt/USA,73.0,192.0,4.0,Guard,Active,Y,1610612739.0,darius_garland,2019.0,2023.0,N,Y,Y,2019,N,1,1,2,Yes
28,De'Aaron Fox,PG,20.5,SAC,77.0,2286.0,0.435,11.8,0.7985,0.2585,0.2385,0.132,0.17,0.2015,0.45899999999999996,0.667,0.3555,0.364,0.3615,0.33899999999999997,0.1945,0.5700000000000001,0.036500000000000005,31.5,0.166,0.295,2,0,2018,1628368.0,De'Aaron,Fox,De'Aaron Fox,"Fox, De'Aaron",D. Fox,deaaron-fox,1997-12-20T00:00:00,Kentucky,USA,Kentucky/USA,75.0,185.0,6.0,Guard,Active,Y,1610612758.0,de'aaron_fox,2017.0,2023.0,N,Y,Y,2017,N,3,3,4,Yes
29,De'Andre Hunter,SF,22.5,ATL,43.0,1348.0,0.44699999999999995,15.2,0.5860000000000001,0.2255,0.131,0.119,0.11,0.41400000000000003,0.518,0.626,0.42999999999999994,0.4265,0.507,0.3405,0.5965,0.9235,0.040499999999999994,14.5,0.331,0.3265,1,0,2020,1629631.0,De'Andre,Hunter,De'Andre Hunter,"Hunter, De'Andre",D. Hunter,deandre-hunter,1997-12-02T00:00:00,Virginia,USA,Virginia/USA,80.0,221.0,4.0,Forward-Guard,Active,Y,1610612737.0,deandre_hunter,2019.0,2023.0,N,Y,Y,2019,N,2,3,2,No
30,De'Anthony Melton,PG,20.5,PHO,55.0,1075.5,0.396,13.8,0.64,0.2775,0.16649999999999998,0.0895,0.106,0.36,0.4525,0.598,0.372,0.3925,0.22999999999999998,0.2955,0.4335,0.9375,0.043,14.0,0.21900000000000003,0.388,0,0,2019,1629001.0,De'Anthony,Melton,De'Anthony Melton,"Melton, De'Anthony",D. Melton,deanthony-melton,1998-05-28T00:00:00,Southern California,USA,Southern California/USA,75.0,200.0,5.0,Guard,Active,Y,1610612755.0,deanthony_melton,2018.0,2023.0,Y,Y,Y,2018,N,1,2,2,No
31,DeAndre' Bembry,SF,22.5,ATL,32.0,413.0,0.44699999999999995,8.399999999999999,0.7909999999999999,0.5409999999999999,0.12,0.1005,0.0295,0.20900000000000002,0.502,0.5740000000000001,0.272,0.3095,0.9,0.2115,0.5505,1.0,0.091,9.0,0.333,0.28350000000000003,1,0,2017,1627761.0,DeAndre',Bembry,DeAndre' Bembry,"Bembry, DeAndre'",D. Bembry,deandre-bembry,1994-07-04T00:00:00,St. Joseph's (PA),USA,St. Joseph's (PA)/USA,77.0,210.0,6.0,Guard-Forward,Inactive,N,0.0,deandre'_bembry,2016.0,2021.0,Y,Y,Y,2016,N,3,3,2,No
32,Dejounte Murray,PG,20.5,SAS,59.5,1032.5,0.437,8.55,0.873,0.3525,0.2925,0.1525,0.0755,0.127,0.4475,0.5725,0.406,0.263,0.267,0.328,0.3725,0.9445,0.027,9.0,0.4175,0.44299999999999995,0,0,2017,1627749.0,Dejounte,Murray,Dejounte Murray,"Murray, Dejounte",D. Murray,dejounte-murray,1996-09-19T00:00:00,Washington,USA,Washington/USA,77.0,180.0,6.0,Guard,Active,Y,1610612737.0,dejounte_murray,2016.0,2023.0,Y,Y,Y,2016,N,2,2,2,No
33,Delon Wright,PG,23.5,TOR,27.0,337.5,0.436,9.25,0.7895,0.446,0.21050000000000002,0.066,0.06999999999999999,0.21100000000000002,0.458,0.5645,0.37,0.2875,0.143,0.359,0.14450000000000002,0.4,0.027999999999999997,3.0,0.1935,0.143,0,0,2016,1626153.0,Delon,Wright,Delon Wright,"Wright, Delon",D. Wright,delon-wright,1992-04-26T00:00:00,Utah,USA,Utah/USA,77.0,185.0,8.0,Guard,Active,Y,1610612764.0,delon_wright,2015.0,2023.0,Y,Y,Y,2015,N,2,2,2,No
34,Dennis Smith Jr.,PG,20.5,DAL,61.0,1778.5,0.4115,13.0,0.6745000000000001,0.351,0.106,0.08,0.137,0.3255,0.45599999999999996,0.595,0.28,0.2935,0.345,0.3175,0.221,0.6134999999999999,0.05,35.5,0.0775,0.3185,2,0,2018,1628372.0,Dennis,Smith Jr.,Dennis Smith Jr.,"Smith Jr., Dennis",D. Smith Jr.,dennis-smith-jr,1997-11-25T00:00:00,North Carolina State,USA,North Carolina State/USA,75.0,205.0,6.0,Guard,Active,Y,1610612751.0,dennis_smith_jr,2017.0,2023.0,N,Y,Y,2017,N,2,2,1,No
35,Denzel Valentine,SG,23.5,CHI,67.0,1535.5,0.38549999999999995,19.15,0.3825,0.0965,0.1055,0.0835,0.097,0.6174999999999999,0.4065,0.5760000000000001,0.3225,0.414,0.33899999999999997,0.3685,0.502,0.847,0.002,1.0,0.261,0.40700000000000003,1,0,2017,1627756.0,Denzel,Valentine,Denzel Valentine,"Valentine, Denzel",D. Valentine,denzel-valentine,1993-11-16T00:00:00,Michigan State,USA,Michigan State/USA,76.0,220.0,6.0,Guard,Inactive,N,0.0,denzel_valentine,2016.0,2021.0,Y,Y,Y,2016,N,1,2,2,No
36,Derrick White,PG,23.5,SAS,42.0,933.5,0.482,13.45,0.6719999999999999,0.20700000000000002,0.2155,0.1385,0.112,0.328,0.4645,0.5275000000000001,0.504,0.3205,0.4235,0.47650000000000003,0.3395,0.729,0.0145,7.5,0.11599999999999999,0.659,0,0,2018,1628401.0,Derrick,White,Derrick White,"White, Derrick",D. White,derrick-white,1994-07-02T00:00:00,Colorado,USA,Colorado/USA,76.0,190.0,6.0,Guard,Active,Y,1610612738.0,derrick_white,2017.0,2023.0,Y,Y,Y,2017,N,1,3,2,No
37,Devin Booker,SG,19.5,PHO,77.0,2419.0,0.423,14.7,0.692,0.20700000000000002,0.129,0.131,0.224,0.308,0.4555,0.6094999999999999,0.427,0.3755,0.3745,0.353,0.394,0.775,0.0165,18.5,0.1635,0.382,1,0,2016,1626164.0,Devin,Booker,Devin Booker,"Booker, Devin",D. Booker,devin-booker,1996-10-30T00:00:00,Kentucky,USA,Kentucky/USA,78.0,206.0,8.0,Guard,Active,Y,1610612756.0,devin_booker,2015.0,2023.0,N,Y,Y,2015,N,3,3,3,No
38,Devonte' Graham,PG,23.5,CHO,54.5,1443.5,0.36250000000000004,18.9,0.4165,0.163,0.0945,0.0785,0.08,0.5835,0.40900000000000003,0.5455000000000001,0.28400000000000003,0.315,0.377,0.327,0.3035,0.6555,0.002,2.0,0.11,0.4265,5,0,2019,1628984.0,Devonte',Graham,Devonte' Graham,"Graham, Devonte'",D. Graham,devonte-graham,1995-02-22T00:00:00,Kansas,USA,Kansas/USA,73.0,195.0,5.0,Guard,Active,Y,1610612759.0,devonte_graham,2018.0,2023.0,Y,Y,Y,2018,N,1,1,2,Yes
39,Dillon Brooks,SF,22.5,MEM,50.0,1340.0,0.42100000000000004,13.399999999999999,0.665,0.2975,0.153,0.11649999999999999,0.0985,0.335,0.4495,0.5565,0.4225,0.349,0.314,0.3655,0.5900000000000001,0.952,0.018500000000000003,8.0,0.16599999999999998,0.333,7,0,2018,1628415.0,Dillon,Brooks,Dillon Brooks,"Brooks, Dillon",D. Brooks,dillon-brooks,1996-01-22T00:00:00,Oregon,Canada,Oregon/Canada,78.0,225.0,6.0,Guard-Forward,Active,Y,1610612745.0,dillon_brooks,2017.0,2023.0,N,Y,Y,2017,N,3,3,2,No
40,Domantas Sabonis,PF,20.5,OKC,77.5,1721.0,0.4565,9.95,0.8065,0.37649999999999995,0.215,0.0775,0.138,0.1935,0.481,0.6100000000000001,0.359,0.325,0.4095,0.33599999999999997,0.6805,1.0,0.0605,32.0,0.212,0.4415,0,0,2017,1627734.0,Domantas,Sabonis,Domantas Sabonis,"Sabonis, Domantas",D. Sabonis,domantas-sabonis,1996-05-03T00:00:00,Gonzaga,Lithuania,Gonzaga/Lithuania,82.0,240.0,7.0,Forward-Center,Active,Y,1610612758.0,domantas_sabonis,2016.0,2023.0,N,Y,Y,2016,N,2,3,4,Yes
41,Donovan Mitchell,SG,21.5,UTA,78.0,2618.0,0.4345,14.05,0.6285000000000001,0.239,0.1925,0.112,0.08549999999999999,0.37150000000000005,0.485,0.6285000000000001,0.36150000000000004,0.427,0.426,0.351,0.2425,0.619,0.03,36.5,0.1125,0.4335,2,0,2018,1628378.0,Donovan,Mitchell,Donovan Mitchell,"Mitchell, Donovan",D. Mitchell,donovan-mitchell,1996-09-07T00:00:00,Louisville,USA,Louisville/USA,75.0,215.0,6.0,Guard,Active,Y,1610612739.0,donovan_mitchell,2017.0,2023.0,N,Y,Y,2017,N,2,2,2,No
42,Doug McDermott,SF,23.5,CHI,58.5,1091.0,0.42700000000000005,13.65,0.6074999999999999,0.322,0.1005,0.0605,0.1245,0.3925,0.4625,0.5675,0.2475,0.2335,0.396,0.371,0.762,0.9525,0.0235,7.0,0.22649999999999998,0.3485,0,0,2015,203926.0,Doug,McDermott,Doug McDermott,"McDermott, Doug",D. McDermott,doug-mcdermott,1992-01-03T00:00:00,Creighton,USA,Creighton/USA,78.0,225.0,9.0,Forward,Active,Y,1610612759.0,doug_mcdermott,2014.0,2023.0,N,Y,Y,2014,N,2,2,3,Yes
43,Dragan Bender,PF,19.5,PHO,62.5,1321.5,0.37,18.05,0.354,0.1925,0.0805,0.022,0.059,0.646,0.4545,0.5754999999999999,0.4065,0.41700000000000004,0.1735,0.3215,0.5295000000000001,0.996,0.026000000000000002,7.0,0.271,0.3615,0,0,2017,1627733.0,Dragan,Bender,Dragan Bender,"Bender, Dragan",D. Bender,dragan-bender,1997-11-17T00:00:00,Maccabi Tel Aviv,Croatia,Maccabi Tel Aviv/Croatia,84.0,249.0,4.0,Forward,Inactive,N,0.0,dragan_bender,2016.0,2019.0,Y,Y,Y,2016,N,2,2,4,Yes
44,Elfrid Payton,PG,20.5,ORL,77.5,2317.0,0.4305,7.6000000000000005,0.9075,0.4345,0.2565,0.1035,0.11249999999999999,0.0925,0.443,0.5489999999999999,0.3785,0.34199999999999997,0.2985,0.29400000000000004,0.23199999999999998,0.921,0.0285,18.0,0.2965,0.34650000000000003,0,0,2015,203901.0,Elfrid,Payton,Elfrid Payton,"Payton, Elfrid",E. Payton,elfrid-payton,1994-02-22T00:00:00,Louisana-Lafayette,USA,Louisana-Lafayette/USA,75.0,195.0,9.0,Guard,Inactive,N,1610612756.0,elfrid_payton,2014.0,2021.0,Y,Y,Y,2014,N,1,2,3,Yes
45,Emmanuel Mudiay,PG,19.5,DEN,61.5,1737.0,0.3705,12.649999999999999,0.7105,0.32799999999999996,0.115,0.1285,0.14,0.2895,0.39349999999999996,0.49,0.291,0.2865,0.333,0.317,0.32699999999999996,0.8205,0.0215,13.0,0.143,0.2875,1,0,2016,1626144.0,Emmanuel,Mudiay,Emmanuel Mudiay,"Mudiay, Emmanuel",E. Mudiay,emmanuel-mudiay,1996-03-05T00:00:00,Guangdong,Democratic Republic of the Congo,Guangdong/Democratic Republic of the Congo,75.0,200.0,7.0,Guard,Inactive,N,0.0,emmanuel_mudiay,2015.0,2021.0,Y,Y,Y,2015,N,1,1,1,No
46,Frank Jackson,PG,20.5,NOP,60.0,983.0,0.4195,13.9,0.5934999999999999,0.28300000000000003,0.157,0.0975,0.0555,0.4065,0.486,0.6080000000000001,0.355,0.4555,0.23399999999999999,0.32,0.5660000000000001,0.8905000000000001,0.016,6.5,0.394,0.3365,0,0,2019,1628402.0,Frank,Jackson,Frank Jackson,"Jackson, Frank",F. Jackson,frank-jackson,1998-05-04T00:00:00,Duke,USA,Duke/USA,75.0,205.0,5.0,Guard,Inactive,N,0.0,frank_jackson,2017.0,2022.0,Y,Y,Y,2017,N,3,3,3,No
47,Frank Kaminsky,C,22.5,CHO,78.0,1831.0,0.40449999999999997,13.85,0.587,0.2725,0.2,0.056999999999999995,0.0565,0.41300000000000003,0.455,0.5549999999999999,0.4175,0.27149999999999996,0.317,0.3325,0.6025,0.9924999999999999,0.0245,13.5,0.1195,0.314,1,0,2016,1626163.0,Frank,Kaminsky,Frank Kaminsky,"Kaminsky, Frank",F. Kaminsky,frank-kaminsky,1993-04-04T00:00:00,Wisconsin,USA,Wisconsin/USA,84.0,240.0,9.0,Forward-Center,Inactive,N,1610612745.0,frank_kaminsky,2015.0,2022.0,N,Y,Y,2015,N,1,2,3,Yes
48,Frank Mason III,PG,23.5,SAC,45.0,709.5,0.39949999999999997,13.45,0.6975,0.2845,0.1605,0.0975,0.155,0.3025,0.4635,0.537,0.4245,0.377,0.4235,0.2895,0.27749999999999997,0.385,0.0045000000000000005,0.5,0.0995,0.25,4,0,2018,1628412.0,Frank,Mason III,Frank Mason III,"Mason III, Frank",F. Mason III,frank-mason-iii,1994-04-03T00:00:00,Kansas,USA,Kansas/USA,71.0,190.0,5.0,Guard,Inactive,N,0.0,frank_mason,2017.0,2020.0,Y,Y,Y,2017,N,1,2,2,No
49,Frank Ntilikina,PG,19.5,NYK,60.5,1305.0,0.35050000000000003,16.35,0.639,0.16299999999999998,0.10250000000000001,0.179,0.1945,0.361,0.378,0.5545,0.2425,0.357,0.3075,0.3025,0.3115,0.7635000000000001,0.0125,4.0,0.181,0.3125,4,0,2018,1628373.0,Frank,Ntilikina,Frank Ntilikina,"Ntilikina, Frank",F. Ntilikina,frank-ntilikina,1998-07-28T00:00:00,Strasbourg IG,France,Strasbourg IG/France,76.0,200.0,6.0,Guard,Active,Y,1610612766.0,frank_ntilikina,2017.0,2023.0,N,Y,Y,2017,N,2,2,3,Yes
50,Gary Harris,SG,20.5,DEN,65.5,1579.0,0.38649999999999995,14.45,0.5685,0.294,0.079,0.08149999999999999,0.114,0.4315,0.46900000000000003,0.5465,0.352,0.41200000000000003,0.391,0.27899999999999997,0.5665,0.9239999999999999,0.0565,25.5,0.3365,0.245,0,0,2015,203914.0,Gary,Harris,Gary Harris,"Harris, Gary",G. Harris,gary-harris,1994-09-14T00:00:00,Michigan State,USA,Michigan State/USA,76.0,210.0,9.0,Guard,Active,Y,1610612753.0,gary_harris,2014.0,2023.0,N,Y,Y,2014,N,1,3,4,Yes
51,Gary Trent Jr.,SG,20.5,POR,38.0,721.5,0.382,18.549999999999997,0.486,0.11199999999999999,0.0875,0.11,0.1765,0.514,0.4325,0.598,0.1665,0.3825,0.47,0.32799999999999996,0.402,0.8285,0.01,4.5,0.231,0.4555,0,0,2019,1629018.0,Gary,Trent Jr.,Gary Trent Jr.,"Trent Jr., Gary",G. Trent Jr.,gary-trent-jr,1999-01-18T00:00:00,Duke,USA,Duke/USA,77.0,204.0,5.0,Guard,Active,Y,1610612761.0,gary_trent_jr,2018.0,2023.0,Y,Y,Y,2018,N,1,3,2,No
52,Georges Niang,PF,23.5,IND,16.0,62.5,0.307,11.95,0.6515,0.244,0.307,0.087,0.014,0.34850000000000003,0.45199999999999996,0.47750000000000004,0.5415,0.0,0.0,0.0415,0.4375,0.5,0.0,0.0,0.5,0.1665,0,0,2017,1627777.0,Georges,Niang,Georges Niang,"Niang, Georges",G. Niang,georges-niang,1993-06-17T00:00:00,Iowa State,USA,Iowa State/USA,79.0,230.0,7.0,Forward,Active,Y,1610612739.0,georges_niang,2016.0,2023.0,Y,Y,Y,2016,N,1,1,4,Yes
53,Giannis Antetokounmpo,SF,19.5,MIL,79.0,2219.0,0.4525,9.0,0.831,0.491,0.138,0.056,0.14500000000000002,0.16899999999999998,0.47550000000000003,0.6094999999999999,0.22949999999999998,0.264,0.3065,0.253,0.5700000000000001,0.782,0.14450000000000002,78.0,0.14300000000000002,0.105,1,0,2014,203507.0,Giannis,Antetokounmpo,Giannis Antetokounmpo,"Antetokounmpo, Giannis",G. Antetokounmpo,giannis-antetokounmpo,1994-12-06T00:00:00,Filathlitikos,Greece,Filathlitikos/Greece,83.0,243.0,10.0,Forward,Active,Y,1610612749.0,giannis_antetokounmpo,2013.0,2023.0,N,Y,Y,2013,Y,2,3,4,Yes
54,Gorgui Dieng,C,24.5,MIN,66.5,1505.5,0.502,6.35,0.992,0.463,0.2535,0.1615,0.114,0.008,0.503,0.627,0.31999999999999995,0.5445,0.35,0.5835,0.6685,1.0,0.11599999999999999,38.0,0.0,0.0,0,0,2014,203476.0,Gorgui,Dieng,Gorgui Dieng,"Dieng, Gorgui",G. Dieng,gorgui-dieng,1990-01-18T00:00:00,Louisville,Senegal,Louisville/Senegal,82.0,248.0,11.0,Center,Inactive,N,1610612759.0,gorgui_dieng,2013.0,2022.0,N,Y,Y,2013,N,3,3,4,Yes
55,Grant Williams,PF,21.5,BOS,66.0,1090.5,0.4245,14.8,0.5115000000000001,0.2335,0.196,0.062,0.0195,0.48850000000000005,0.528,0.6305000000000001,0.525,0.249,0.2,0.311,0.651,0.9375,0.0325,6.5,0.4305,0.3695,2,0,2020,1629684.0,Grant,Williams,Grant Williams,"Williams, Grant",G. Williams,grant-williams,1998-11-30T00:00:00,Tennessee,USA,Tennessee/USA,78.0,236.0,4.0,Forward,Active,Y,1610612742.0,grant_williams,2019.0,2023.0,N,Y,Y,2019,N,3,3,4,Yes
56,Grayson Allen,SG,23.5,UTA,38.0,567.0,0.42100000000000004,17.2,0.441,0.154,0.1595,0.0915,0.035500000000000004,0.559,0.494,0.641,0.402,0.393,0.25,0.36350000000000005,0.5,0.96,0.0445,8.0,0.279,0.47800000000000004,1,0,2019,1628960.0,Grayson,Allen,Grayson Allen,"Allen, Grayson",G. Allen,grayson-allen,1995-10-08T00:00:00,Duke,USA,Duke/USA,76.0,198.0,5.0,Guard,Active,Y,1610612756.0,grayson_allen,2018.0,2023.0,Y,Y,Y,2018,N,1,3,3,No
57,Hamidou Diallo,SG,20.5,OKC,48.5,711.0,0.4505,7.35,0.831,0.5469999999999999,0.184,0.066,0.034,0.16899999999999998,0.4945,0.608,0.246,0.2665,0.5675,0.22400000000000003,0.615,0.969,0.1405,28.5,0.7235,0.2715,0,0,2019,1628977.0,Hamidou,Diallo,Hamidou Diallo,"Diallo, Hamidou",H. Diallo,hamidou-diallo,1998-07-31T00:00:00,Kentucky,USA,Kentucky/USA,77.0,202.0,5.0,Guard,Active,Y,1610612764.0,hamidou_diallo,2018.0,2023.0,Y,Y,Y,2018,N,2,2,3,Yes
58,Isaac Bonga,PG,19.5,LAL,44.0,685.0,0.328,10.6,0.7275,0.36750000000000005,0.241,0.0795,0.039,0.27249999999999996,0.38549999999999995,0.546,0.288,0.111,0.125,0.176,0.37950000000000006,0.5,0.0215,4.0,0.315,0.222,0,0,2019,1629067.0,Isaac,Bonga,Isaac Bonga,"Bonga, Isaac",I. Bonga,isaac-bonga,1999-11-08T00:00:00,Skyliners Frankfurt,Germany,Skyliners Frankfurt/Germany,80.0,180.0,5.0,Guard,Inactive,N,1610612761.0,isaac_bonga,2018.0,2021.0,Y,Y,Y,2018,N,1,2,3,Yes
59,Isaiah Canaan,PG,22.5,HOU,34.5,595.0,0.371,18.65,0.3585,0.201,0.0625,0.0185,0.07,0.6415,0.4115,0.481,0.325,0.15,0.35150000000000003,0.34850000000000003,0.263,0.647,0.0,0.0,0.23149999999999998,0.3605,0,0,2014,203477.0,Isaiah,Canaan,Isaiah Canaan,"Canaan, Isaiah",I. Canaan,isaiah-canaan,1991-05-21T00:00:00,Murray State,USA,Murray State/USA,72.0,200.0,6.0,Guard,Inactive,N,0.0,isaiah_canaan,2013.0,2018.0,Y,Y,Y,2013,N,1,1,1,No
60,Isaiah Roby,PF,21.5,OKC,32.0,718.0,0.2415,6.7,0.873,0.212,0.627,0.0255,0.008,0.127,0.2735,0.3215,0.211,0.2045,0.2145,0.147,0.277,0.453,0.057,22.0,0.087,0.237,0,0,2020,1629676.0,Isaiah,Roby,Isaiah Roby,"Roby, Isaiah",I. Roby,isaiah-roby,1998-02-03T00:00:00,Nebraska,USA,Nebraska/USA,80.0,230.0,5.0,Forward,Inactive,Y,1610612752.0,roby_isaiah,2019.0,2022.0,Y,Y,Y,2019,N,1,2,3,Yes
61,Ivica Zubac,C,19.5,LAL,40.5,509.5,0.5145,5.0,0.9895,0.4925,0.351,0.091,0.052,0.010499999999999999,0.52,0.6245,0.399,0.4095,0.2855,0.0,0.7290000000000001,0.0,0.14500000000000002,19.5,0.0,0.0,1,0,2017,1627826.0,Ivica,Zubac,Ivica Zubac,"Zubac, Ivica",I. Zubac,ivica-zubac,1997-03-18T00:00:00,Mega Basket,Croatia,Mega Basket/Croatia,84.0,240.0,7.0,Center,Active,Y,1610612746.0,ivica_zubac,2016.0,2023.0,Y,Y,Y,2016,N,3,3,3,No
62,Ja Morant,PG,20.5,MEM,65.0,2063.5,0.46299999999999997,10.1,0.7785,0.36550000000000005,0.2545,0.129,0.0295,0.2215,0.505,0.619,0.39049999999999996,0.4515,0.32,0.319,0.288,0.5765,0.0635,47.5,0.10250000000000001,0.37,4,0,2020,1629630.0,Ja,Morant,Ja Morant,"Morant, Ja",J. Morant,ja-morant,1999-08-10T00:00:00,Murray State,USA,Murray State/USA,74.0,174.0,4.0,Guard,Active,Y,1610612763.0,ja_morant,2019.0,2023.0,N,Y,Y,2019,N,2,2,3,Yes
63,Jalen McDaniels,SF,22.5,CHO,31.5,598.5,0.46950000000000003,11.6,0.6435,0.34750000000000003,0.22649999999999998,0.056499999999999995,0.0125,0.35650000000000004,0.5345,0.6439999999999999,0.391,0.36650000000000005,0.8335,0.354,0.5665,1.0,0.078,14.0,0.5485,0.381,1,0,2020,1629667.0,Jalen,McDaniels,Jalen McDaniels,"McDaniels, Jalen",J. McDaniels,jalen-mcdaniels,1998-01-31T00:00:00,San Diego State,USA,San Diego State/USA,81.0,190.0,4.0,Forward,Active,Y,1610612761.0,jalen_mcdaniels,2019.0,2023.0,Y,Y,Y,2019,N,2,3,4,Yes
64,Jamal Murray,SG,19.5,DEN,81.5,2164.5,0.4275,15.8,0.5589999999999999,0.21000000000000002,0.127,0.10300000000000001,0.1185,0.44099999999999995,0.484,0.6165,0.40449999999999997,0.4295,0.368,0.356,0.4405,0.7415,0.027999999999999997,22.0,0.172,0.434,8,0,2017,1627750.0,Jamal,Murray,Jamal Murray,"Murray, Jamal",J. Murray,jamal-murray,1997-02-23T00:00:00,Kentucky,Canada,Kentucky/Canada,76.0,215.0,6.0,Guard,Active,Y,1610612743.0,jamal_murray,2016.0,2023.0,N,Y,Y,2016,N,2,2,3,Yes
65,James Ennis III,SF,24.5,MIA,42.0,690.0,0.4435,13.5,0.5509999999999999,0.372,0.0745,0.0165,0.0875,0.449,0.485,0.591,0.23450000000000001,0.1665,0.268,0.387,0.657,0.91,0.095,15.0,0.36450000000000005,0.45599999999999996,1,0,2015,203516.0,James,Ennis III,James Ennis III,"Ennis III, James",J. Ennis III,james-ennis-iii,1990-07-01T00:00:00,Cal State-Long Beach,USA,California State-Long Beach/USA,78.0,215.0,8.0,Forward,Inactive,N,0.0,james_ennis_iii,2014.0,2021.0,Y,Y,Y,2013,N,2,2,4,Yes
66,Jarell Martin,PF,21.5,MEM,34.5,469.0,0.42500000000000004,8.75,0.9085,0.49150000000000005,0.1355,0.0845,0.1975,0.0915,0.4315,0.49849999999999994,0.275,0.55,0.325,0.18,0.6034999999999999,0.5,0.0825,8.0,0.3,0.2335,1,0,2016,1626185.0,Jarell,Martin,Jarell Martin,"Martin, Jarell",J. Martin,jarell-martin,1994-05-24T00:00:00,Louisiana State,USA,Louisiana State/USA,82.0,239.0,5.0,Forward,Inactive,N,1610612763.0,jarell_martin,2015.0,2018.0,Y,Y,Y,2015,N,2,2,4,Yes
67,Jarred Vanderbilt,PF,19.5,DEN,14.0,57.5,0.5495,4.2,0.911,0.7795000000000001,0.1055,0.0,0.0265,0.089,0.607,0.6645,0.125,0.0,0.0,0.0,0.6890000000000001,0.0,0.20400000000000001,2.5,1.0,0.0,0,0,2019,1629020.0,Jarred,Vanderbilt,Jarred Vanderbilt,"Vanderbilt, Jarred",J. Vanderbilt,jarred-vanderbilt,1999-04-03T00:00:00,Kentucky,USA,Kentucky/USA,80.0,214.0,5.0,Forward,Active,Y,1610612747.0,jarred_vanderbilt,2018.0,2023.0,Y,Y,Y,2018,N,2,3,3,No
68,Jarrett Culver,SG,20.5,MIN,48.5,1002.5,0.4075,11.1,0.6485000000000001,0.3925,0.218,0.020999999999999998,0.017,0.35150000000000003,0.479,0.593,0.3035,0.45599999999999996,0.111,0.272,0.4925,0.879,0.0805,23.0,0.22949999999999998,0.236,1,0,2020,1629633.0,Jarrett,Culver,Jarrett Culver,"Culver, Jarrett",J. Culver,jarrett-culver,1999-02-20T00:00:00,Texas Tech,USA,Texas Tech/USA,78.0,195.0,4.0,Guard-Forward,Inactive,N,0.0,jarrett_culver,2019.0,2022.0,Y,Y,Y,2019,N,2,2,2,No
69,Jaylen Brown,SF,20.5,BOS,74.0,1746.5,0.4595,12.05,0.65,0.38,0.133,0.0655,0.072,0.35,0.507,0.618,0.35150000000000003,0.37649999999999995,0.32899999999999996,0.368,0.5795,0.962,0.0775,42.0,0.366,0.432,2,0,2017,1627759.0,Jaylen,Brown,Jaylen Brown,"Brown, Jaylen",J. Brown,jaylen-brown,1996-10-24T00:00:00,California,USA,California/USA,78.0,223.0,7.0,Guard-Forward,Active,Y,1610612738.0,jaylen_brown,2016.0,2023.0,N,Y,Y,2016,N,2,2,3,Yes
70,Jaylen Nowell,SG,20.5,MIN,28.5,455.0,0.391,15.15,0.5305,0.22949999999999998,0.1745,0.0815,0.0455,0.46950000000000003,0.5449999999999999,0.5795,0.46950000000000003,0.5595,0.7085,0.224,0.5045,0.7335,0.036000000000000004,4.0,0.2505,0.2865,0,0,2020,1629669.0,Jaylen,Nowell,Jaylen Nowell,"Nowell, Jaylen",J. Nowell,jaylen-nowell,1999-07-09T00:00:00,Washington,USA,Washington/USA,76.0,201.0,4.0,Guard,Inactive,Y,0.0,jaylen_nowell,2019.0,2023.0,Y,Y,Y,2019,N,2,2,3,Yes
71,Jayson Tatum,SF,19.5,BOS,79.5,2449.0,0.4625,13.149999999999999,0.705,0.2905,0.12,0.1165,0.1785,0.295,0.4875,0.6535,0.29200000000000004,0.434,0.38449999999999995,0.40349999999999997,0.5309999999999999,0.8885000000000001,0.07050000000000001,59.5,0.25,0.4525,0,0,2018,1628369.0,Jayson,Tatum,Jayson Tatum,"Tatum, Jayson",J. Tatum,jayson-tatum,1998-03-03T00:00:00,Duke,USA,Duke/USA,80.0,210.0,6.0,Forward-Guard,Active,Y,1610612738.0,jayson_tatum,2017.0,2023.0,N,Y,Y,2017,N,2,3,4,Yes
72,Jeff Withey,C,23.5,NOP,47.5,471.5,0.5175000000000001,3.8,0.996,0.611,0.257,0.0935,0.0315,0.004,0.5195000000000001,0.588,0.339,0.5645,0.8335,0.0,0.835,0.0,0.17149999999999999,13.5,0.0,0.0,0,0,2014,203481.0,Jeff,Withey,Jeff Withey,"Withey, Jeff",J. Withey,jeff-withey,1990-03-07T00:00:00,Kansas,USA,Kansas/USA,84.0,230.0,5.0,Center,Inactive,N,0.0,jeff_withey,2013.0,2017.0,N,Y,Y,2013,N,2,2,3,Yes
73,Jerami Grant,SF,20.5,PHI,71.0,1721.5,0.38549999999999995,11.0,0.6565000000000001,0.406,0.1575,0.041999999999999996,0.051500000000000004,0.3435,0.43,0.5795,0.159,0.20500000000000002,0.268,0.277,0.649,0.99,0.10950000000000001,50.0,0.388,0.32999999999999996,0,0,2015,203924.0,Jerami,Grant,Jerami Grant,"Grant, Jerami",J. Grant,jerami-grant,1994-03-12T00:00:00,Syracuse,USA,Syracuse/USA,79.0,210.0,9.0,Forward,Active,Y,1610612757.0,jerami_grant,2014.0,2023.0,N,Y,Y,2014,N,1,3,3,No
74,Jerian Grant,PG,23.5,NYK,69.5,1146.5,0.4095,14.0,0.6495,0.27349999999999997,0.117,0.11,0.14800000000000002,0.35050000000000003,0.4635,0.5755,0.38549999999999995,0.41100000000000003,0.3765,0.293,0.3055,0.7615000000000001,0.0125,4.5,0.178,0.455,1,0,2016,1626170.0,Jerian,Grant,Jerian Grant,"Grant, Jerian",J. Grant,jerian-grant,1992-10-09T00:00:00,Notre Dame,USA,Notre Dame/USA,76.0,198.0,6.0,Guard,Inactive,N,1610612741.0,jerian_grant,2015.0,2019.0,Y,Y,Y,2015,N,1,3,4,Yes
75,Jevon Carter,PG,23.5,MEM,48.5,761.0,0.3595,18.8,0.42400000000000004,0.149,0.0655,0.08499999999999999,0.1245,0.5760000000000001,0.3335,0.391,0.2665,0.325,0.331,0.379,0.3315,0.7895000000000001,0.0045000000000000005,1.0,0.323,0.4075,2,0,2019,1628975.0,Jevon,Carter,Jevon Carter,"Carter, Jevon",J. Carter,jevon-carter,1995-09-14T00:00:00,West Virginia,USA,West Virginia/USA,73.0,200.0,5.0,Guard,Active,Y,1610612741.0,jevon_carter,2018.0,2023.0,Y,Y,Y,2018,N,1,1,2,Yes
76,Joe Harris,SG,23.5,CLE,28.0,254.0,0.325,21.95,0.15,0.0625,0.0335,0.021,0.0335,0.85,0.236,0.2665,0.1875,0.2,0.25,0.3095,0.3825,0.984,0.0,0.0,0.393,0.6890000000000001,0,0,2015,203925.0,Joe,Harris,Joe Harris,"Harris, Joe",J. Harris,joe-harris,1991-09-06T00:00:00,Virginia,USA,Virginia/USA,78.0,220.0,9.0,Guard-Forward,Active,Y,1610612765.0,joe_harris,2014.0,2023.0,Y,Y,Y,2014,N,1,1,4,Yes
77,Joffrey Lauvergne,C,23.5,DEN,41.5,654.5,0.4585,8.15,0.8405,0.4555,0.2135,0.0545,0.11699999999999999,0.1595,0.5045000000000001,0.655,0.307,0.175,0.3255,0.2165,0.675,0.9615,0.114,23.0,0.4075,0.1,1,0,2015,203530.0,Joffrey,Lauvergne,Joffrey Lauvergne,"Lauvergne, Joffrey",J. Lauvergne,joffrey-lauvergne,1991-09-30T00:00:00,Khimki,France,Khimki/France,83.0,260.0,5.0,Center,Inactive,N,1610612743.0,joffrey_lauvergne,2014.0,2017.0,N,Y,Y,2013,N,3,3,3,No
78,Jordan Clarkson,PG,22.5,LAL,69.0,2014.0,0.4405,12.2,0.753,0.274,0.189,0.106,0.185,0.247,0.475,0.6005,0.399,0.4275,0.385,0.3305,0.29200000000000004,0.747,0.0305,21.5,0.14500000000000002,0.314,0,0,2015,203903.0,Jordan,Clarkson,Jordan Clarkson,"Clarkson, Jordan",J. Clarkson,jordan-clarkson,1992-06-07T00:00:00,Missouri,USA,Missouri/USA,75.0,194.0,9.0,Guard,Active,Y,1610612762.0,jordan_clarkson,2014.0,2023.0,Y,Y,Y,2014,N,3,3,3,No
79,Jordan McRae,PG,24.5,TOT,29.5,289.5,0.4115,13.149999999999999,0.6890000000000001,0.291,0.127,0.153,0.118,0.311,0.4165,0.5255,0.26749999999999996,0.267,0.45,0.404,0.2915,0.722,0.0295,2.5,0.3195,0.4145,0,0,2016,203895.0,Jordan,McRae,Jordan McRae,"McRae, Jordan",J. McRae,jordan-mcrae,1991-03-28T00:00:00,Tennessee,USA,Tennessee/USA,77.0,179.0,5.0,Guard,Inactive,N,1610612764.0,jordan_mcrae,2015.0,2019.0,Y,Y,Y,2014,N,2,2,4,Yes
80,Josh Hart,SG,22.5,LAL,65.0,1588.0,0.43799999999999994,16.05,0.44199999999999995,0.28900000000000003,0.062,0.0555,0.0355,0.558,0.531,0.671,0.251,0.261,0.3105,0.366,0.6775,0.93,0.0305,13.0,0.21600000000000003,0.444,0,0,2018,1628404.0,Josh,Hart,Josh Hart,"Hart, Josh",J. Hart,josh-hart,1995-03-06T00:00:00,Villanova,USA,Villanova/USA,76.0,215.0,6.0,Guard,Active,Y,1610612752.0,josh_hart,2017.0,2023.0,Y,Y,Y,2017,N,3,3,3,No
81,Josh Jackson,SF,20.5,PHO,78.0,1973.5,0.415,11.2,0.7495,0.33399999999999996,0.2005,0.10350000000000001,0.112,0.2505,0.4545,0.556,0.37150000000000005,0.37,0.384,0.2935,0.4195,0.901,0.0795,57.5,0.262,0.2855,3,0,2018,1628367.0,Josh,Jackson,Josh Jackson,"Jackson, Josh",J. Jackson,josh-jackson,1997-02-10T00:00:00,Kansas,USA,Kansas/USA,80.0,207.0,6.0,Guard-Forward,Inactive,N,1610612758.0,josh_jackson,2017.0,2021.0,Y,Y,Y,2017,N,2,2,4,Yes
82,Josh Okogie,SG,20.5,MIN,68.0,1652.0,0.4065,12.85,0.595,0.36,0.147,0.0435,0.045,0.405,0.49650000000000005,0.6355,0.256,0.33199999999999996,0.1365,0.2725,0.6020000000000001,0.9385,0.083,34.0,0.3195,0.3315,1,0,2019,1629006.0,Josh,Okogie,Josh Okogie,"Okogie, Josh",J. Okogie,josh-okogie,1998-09-01T00:00:00,Georgia Tech,Nigeria,Georgia Tech/Nigeria,76.0,213.0,5.0,Guard,Active,Y,1610612756.0,josh_okogie,2018.0,2023.0,N,Y,Y,2018,N,2,2,2,No
83,Josh Richardson,SG,22.5,MIA,52.5,1360.5,0.42300000000000004,15.899999999999999,0.5675,0.2,0.1015,0.10550000000000001,0.1605,0.4325,0.445,0.579,0.359,0.393,0.3735,0.3955,0.384,0.9475,0.04,12.5,0.304,0.5125,0,0,2016,1626196.0,Josh,Richardson,Josh Richardson,"Richardson, Josh",J. Richardson,josh-richardson,1993-09-15T00:00:00,Tennessee,USA,Tennessee/USA,77.0,200.0,8.0,Guard,Active,Y,1610612748.0,josh_richardson,2015.0,2023.0,Y,Y,Y,2015,N,3,3,2,No
84,Julius Randle,PF,20.5,LAL,41.0,1150.0,0.381,7.85,0.9784999999999999,0.40349999999999997,0.2905,0.0395,0.2445,0.0215,0.3845,0.284,0.681,0.1135,0.127,0.139,0.2255,0.35,0.0385,30.0,0.0555,0.0,0,0,2015,203944.0,Julius,Randle,Julius Randle,"Randle, Julius",J. Randle,julius-randle,1994-11-29T00:00:00,Kentucky,USA,Kentucky/USA,80.0,250.0,9.0,Forward-Center,Active,Y,1610612752.0,julius_randle,2014.0,2023.0,N,Y,Y,2014,N,1,2,4,Yes
85,Justin Patton,C,20.5,MIN,2.0,12.5,0.393,8.25,0.857,0.2855,0.25,0.3215,0.0,0.143,0.45,0.25,0.0,0.5,0.0,0.0,1.0,0.0,0.0715,0.5,0.0,0.0,0,0,2018,1628383.0,Justin,Patton,Justin Patton,"Patton, Justin",J. Patton,justin-patton,1997-06-14T00:00:00,Creighton,USA,Creighton/USA,83.0,241.0,4.0,Center,Inactive,N,0.0,justin_patton,2017.0,2020.0,Y,Y,Y,2017,N,1,1,3,Yes
86,Justise Winslow,SF,19.5,MIA,48.0,1428.5,0.389,10.55,0.7965,0.356,0.2165,0.0505,0.1745,0.20350000000000001,0.4275,0.5235,0.381,0.246,0.33099999999999996,0.23800000000000002,0.493,0.9844999999999999,0.042499999999999996,13.0,0.6579999999999999,0.2815,2,0,2016,1626159.0,Justise,Winslow,Justise Winslow,"Winslow, Justise",J. Winslow,justise-winslow,1996-03-26T00:00:00,Duke,USA,Duke/USA,78.0,222.0,9.0,Forward-Guard,Inactive,N,1610612757.0,justise_winslow,2015.0,2022.0,Y,Y,Y,2015,N,2,2,1,No
87,Keldon Johnson,SF,20.5,SAS,43.0,1134.5,0.5375,9.899999999999999,0.748,0.40900000000000003,0.234,0.062,0.043,0.252,0.5640000000000001,0.6815,0.4225,0.393,0.5145,0.46099999999999997,0.649,0.9585,0.0345,14.5,0.46,0.406,1,0,2020,1629640.0,Keldon,Johnson,Keldon Johnson,"Johnson, Keldon",K. Johnson,keldon-johnson,1999-10-11T00:00:00,Kentucky,USA,Kentucky/USA,77.0,220.0,4.0,Forward-Guard,Active,Y,1610612759.0,keldon_johnson,2019.0,2023.0,Y,Y,Y,2019,N,3,3,2,No
88,Kelly Oubre Jr.,SF,20.5,WAS,71.0,1138.0,0.424,12.8,0.6005,0.3735,0.1185,0.046,0.0635,0.39949999999999997,0.506,0.607,0.333,0.5,0.2025,0.3015,0.534,0.9904999999999999,0.1075,30.0,0.361,0.2445,1,0,2016,1626162.0,Kelly,Oubre Jr.,Kelly Oubre Jr.,"Oubre Jr., Kelly",K. Oubre Jr.,kelly-oubre-jr,1995-12-09T00:00:00,Kansas,USA,Kansas/USA,79.0,203.0,8.0,Forward-Guard,Active,Y,1610612755.0,kelly_oubre_jr,2015.0,2023.0,N,Y,Y,2015,N,2,3,2,No
89,Kentavious Caldwell-Pope,SG,20.5,DET,81.0,2085.0,0.3985,15.600000000000001,0.5705,0.2465,0.0885,0.07250000000000001,0.1625,0.4295,0.448,0.601,0.2965,0.41800000000000004,0.317,0.33199999999999996,0.621,0.9145,0.041999999999999996,23.5,0.299,0.381,3,0,2014,203484.0,Kentavious,Caldwell-Pope,Kentavious Caldwell-Pope,"Caldwell-Pope, Kentavious",K. Caldwell-Pope,kentavious-caldwell-pope,1993-02-18T00:00:00,Georgia,USA,Georgia/USA,77.0,204.0,10.0,Guard,Active,Y,1610612743.0,kentavious_caldwell-pope,2013.0,2023.0,N,Y,Y,2013,N,2,2,3,Yes
90,Kevin Huerter,SG,20.5,ATL,65.5,1904.0,0.416,17.450000000000003,0.4575,0.166,0.13,0.1085,0.053,0.5425,0.455,0.587,0.386,0.376,0.381,0.3825,0.448,0.8109999999999999,0.027499999999999997,17.0,0.1775,0.4365,2,0,2019,1628989.0,Kevin,Huerter,Kevin Huerter,"Huerter, Kevin",K. Huerter,kevin-huerter,1998-08-27T00:00:00,Maryland,USA,Maryland/USA,79.0,198.0,5.0,Guard-Forward,Active,Y,1610612758.0,kevin_huerter,2018.0,2023.0,N,Y,Y,2018,N,2,2,2,No
91,Kris Dunn,PG,22.5,MIN,65.0,1429.0,0.403,12.9,0.783,0.2515,0.159,0.131,0.2415,0.21700000000000003,0.4305,0.525,0.4095,0.328,0.404,0.3045,0.23099999999999998,0.6475,0.031,13.0,0.1905,0.3335,0,0,2017,1627739.0,Kris,Dunn,Kris Dunn,"Dunn, Kris",K. Dunn,kris-dunn,1994-03-18T00:00:00,Providence,USA,Providence/USA,75.0,205.0,7.0,Guard,Active,Y,1610612762.0,kris_dunn,2016.0,2023.0,Y,Y,Y,2016,N,1,1,2,Yes
92,Kyle Anderson,SF,21.5,SAS,55.5,801.5,0.40800000000000003,11.2,0.8755,0.2375,0.20650000000000002,0.2155,0.2175,0.1245,0.4235,0.587,0.34450000000000003,0.375,0.351,0.2985,0.4205,1.0,0.028,5.5,0.7050000000000001,0.4375,0,0,2015,203937.0,Kyle,Anderson,Kyle Anderson,"Anderson, Kyle",K. Anderson,kyle-anderson,1993-09-20T00:00:00,UCLA,USA,UCLA/USA,81.0,230.0,9.0,Forward-Guard,Active,Y,1610612750.0,kyle_anderson,2014.0,2023.0,Y,Y,Y,2014,N,2,2,3,Yes
93,Kyle Kuzma,PF,22.5,LAL,73.5,2357.5,0.453,13.7,0.597,0.27249999999999996,0.1895,0.073,0.061,0.403,0.532,0.6505000000000001,0.45699999999999996,0.4255,0.37,0.3345,0.5725,0.9015,0.045,43.5,0.1905,0.3625,1,0,2018,1628398.0,Kyle,Kuzma,Kyle Kuzma,"Kuzma, Kyle",K. Kuzma,kyle-kuzma,1995-07-24T00:00:00,Utah,USA,Utah/USA,81.0,221.0,6.0,Forward,Active,Y,1610612764.0,kyle_kuzma,2017.0,2023.0,N,Y,Y,2017,N,2,3,4,Yes
94,Landry Shamet,SG,21.5,TOT,66.0,1627.0,0.4175,20.65,0.266,0.1315,0.041999999999999996,0.043,0.0485,0.734,0.474,0.6200000000000001,0.27649999999999997,0.4515,0.2455,0.39849999999999997,0.6679999999999999,0.9595,0.012,4.0,0.233,0.437,0,0,2019,1629013.0,Landry,Shamet,Landry Shamet,"Shamet, Landry",L. Shamet,landry-shamet,1997-03-13T00:00:00,Wichita State,USA,Wichita State/USA,76.0,190.0,5.0,Guard,Active,Y,1610612764.0,landry_shamet,2018.0,2023.0,N,Y,Y,2018,N,1,3,2,No
95,Lauri Markkanen,PF,20.5,CHI,60.0,1851.0,0.432,15.05,0.5585,0.23399999999999999,0.149,0.0905,0.08549999999999999,0.4415,0.488,0.65,0.3885,0.3365,0.3605,0.3615,0.5845,0.9704999999999999,0.0595,47.0,0.1145,0.347,1,0,2018,1628374.0,Lauri,Markkanen,Lauri Markkanen,"Markkanen, Lauri",L. Markkanen,lauri-markkanen,1997-05-22T00:00:00,Arizona,Finland,Arizona/Finland,84.0,240.0,6.0,Forward-Center,Active,Y,1610612762.0,lauri_markkanen,2017.0,2023.0,N,Y,Y,2017,N,3,3,3,No
96,Lonnie Walker IV,SG,20.5,SAS,39.0,553.0,0.387,13.4,0.717,0.267,0.181,0.0995,0.16999999999999998,0.283,0.3835,0.6419999999999999,0.1565,0.3405,0.2705,0.3955,0.434,0.8755,0.028,8.5,0.1625,0.6799999999999999,0,0,2019,1629022.0,Lonnie,Walker IV,Lonnie Walker IV,"Walker IV, Lonnie",L. Walker IV,lonnie-walker-iv,1998-12-14T00:00:00,Miami,USA,Miami/USA,76.0,204.0,5.0,Guard-Forward,Active,Y,1610612751.0,lonnie_walker,2018.0,2023.0,Y,Y,Y,2018,N,3,3,3,No
97,Lonzo Ball,PG,20.5,LAL,49.5,1601.5,0.383,15.75,0.4885,0.29100000000000004,0.094,0.0495,0.0535,0.5115000000000001,0.45099999999999996,0.5449999999999999,0.28200000000000003,0.319,0.34850000000000003,0.317,0.377,0.752,0.0455,20.0,0.14300000000000002,0.23299999999999998,3,0,2018,1628366.0,Lonzo,Ball,Lonzo Ball,"Ball, Lonzo",L. Ball,lonzo-ball,1997-10-27T00:00:00,UCLA,USA,UCLA/USA,78.0,190.0,5.0,Guard,Active,N,1610612741.0,lonzo_ball,2017.0,2023.0,N,Y,Y,2017,N,1,2,2,No
98,Lorenzo Brown,PG,23.5,PHI,27.5,386.5,0.364,12.35,0.7105,0.3415,0.1585,0.109,0.10200000000000001,0.2895,0.44999999999999996,0.5,0.469,0.25,0.4095,0.157,0.32599999999999996,0.667,0.0205,2.0,0.20500000000000002,0.0625,0,0,2014,203485.0,Lorenzo,Brown,Lorenzo Brown,"Brown, Lorenzo",L. Brown,lorenzo-brown,1990-08-26T00:00:00,North Carolina State,USA,North Carolina State/USA,77.0,189.0,5.0,Guard,Inactive,N,0.0,lorenzo_brown,2013.0,2018.0,Y,Y,Y,2013,N,1,2,3,Yes
99,Luke Kennard,SG,21.5,DET,68.0,1450.0,0.4405,17.7,0.532,0.1165,0.1205,0.1175,0.177,0.46799999999999997,0.47450000000000003,0.635,0.3785,0.4525,0.4545,0.40449999999999997,0.5015000000000001,0.931,0.0065,3.0,0.16099999999999998,0.4155,0,0,2018,1628379.0,Luke,Kennard,Luke Kennard,"Kennard, Luke",L. Kennard,luke-kennard,1996-06-24T00:00:00,Duke,USA,Duke/USA,77.0,206.0,6.0,Guard,Active,Y,1610612763.0,luke_kennard,2017.0,2023.0,Y,Y,Y,2017,N,2,3,4,Yes
100,Malcolm Brogdon,SG,24.5,MIL,61.5,1709.0,0.471,11.649999999999999,0.688,0.39,0.1225,0.099,0.076,0.312,0.506,0.611,0.315,0.405,0.422,0.3945,0.40549999999999997,0.8115,0.0305,17.5,0.2525,0.4825,1,0,2017,1627763.0,Malcolm,Brogdon,Malcolm Brogdon,"Brogdon, Malcolm",M. Brogdon,malcolm-brogdon,1992-12-11T00:00:00,Virginia,USA,Virginia/USA,76.0,229.0,7.0,Guard,Active,Y,1610612757.0,malcolm_brogdon,2016.0,2023.0,N,Y,Y,2016,N,2,3,2,No
101,Malik Beasley,SG,20.5,DEN,42.0,374.0,0.431,13.5,0.5775,0.354,0.08850000000000001,0.0595,0.07600000000000001,0.4225,0.501,0.6114999999999999,0.1725,0.2665,0.4,0.331,0.564,0.9645,0.062,7.0,0.39149999999999996,0.3635,0,0,2017,1627736.0,Malik,Beasley,Malik Beasley,"Beasley, Malik",M. Beasley,malik-beasley,1996-11-26T00:00:00,Florida State,USA,Florida State/USA,76.0,187.0,7.0,Guard,Active,Y,1610612749.0,malik_beasley,2016.0,2023.0,Y,Y,Y,2016,N,3,3,4,Yes
102,Malik Monk,SG,19.5,CHO,68.0,1056.0,0.3735,18.6,0.4325,0.14600000000000002,0.0935,0.07,0.1225,0.5674999999999999,0.42300000000000004,0.624,0.3055,0.33399999999999996,0.3345,0.336,0.40900000000000003,0.763,0.026,13.5,0.1915,0.32899999999999996,4,0,2018,1628370.0,Malik,Monk,Malik Monk,"Monk, Malik",M. Monk,malik-monk,1998-02-04T00:00:00,Kentucky,USA,Kentucky/USA,75.0,200.0,6.0,Guard,Active,Y,1610612758.0,malik_monk,2017.0,2023.0,Y,Y,Y,2017,N,2,2,3,Yes
103,Marcus Smart,PG,20.5,BOS,64.0,1737.5,0.3575,15.95,0.487,0.23349999999999999,0.118,0.062,0.0735,0.513,0.4185,0.5365,0.28400000000000003,0.3875,0.3025,0.29400000000000004,0.3915,0.8195,0.013999999999999999,5.5,0.2105,0.2995,4,0,2015,203935.0,Marcus,Smart,Marcus Smart,"Smart, Marcus",M. Smart,marcus-smart,1994-03-06T00:00:00,Oklahoma State,USA,Oklahoma State/USA,75.0,220.0,9.0,Guard,Active,Y,1610612763.0,marcus_smart,2014.0,2023.0,Y,Y,Y,2014,N,2,2,2,No
104,Mario Hezonja,SF,20.5,ORL,72.0,1186.5,0.394,17.2,0.5525,0.1925,0.089,0.046,0.22399999999999998,0.4475,0.451,0.5880000000000001,0.39349999999999996,0.4165,0.36,0.32399999999999995,0.513,0.8365,0.0445,14.0,0.202,0.3395,4,0,2016,1626209.0,Mario,Hezonja,Mario Hezonja,"Hezonja, Mario",M. Hezonja,mario-hezonja,1995-02-25T00:00:00,FC Barcelona,Croatia,FC Barcelona/Croatia,80.0,220.0,6.0,Forward-Guard,Inactive,N,1610612753.0,mario_hezonja,2015.0,2019.0,N,Y,Y,2015,N,3,3,3,No
105,Markelle Fultz,SG,19.5,PHI,16.5,340.0,0.41200000000000003,8.2,0.9505,0.3585,0.26249999999999996,0.2195,0.109,0.049499999999999995,0.421,0.6535,0.2505,0.3405,0.268,0.143,0.30600000000000005,0.25,0.036,4.0,0.2145,0.1665,0,0,2018,1628365.0,Markelle,Fultz,Markelle Fultz,"Fultz, Markelle",M. Fultz,markelle-fultz,1998-05-29T00:00:00,Washington,USA,Washington/USA,76.0,209.0,6.0,Guard,Active,Y,1610612753.0,markelle_fultz,2017.0,2023.0,N,Y,Y,2017,N,3,3,3,No
106,Marquese Chriss,PF,19.5,PHO,77.0,1635.0,0.436,12.100000000000001,0.624,0.391,0.112,0.0535,0.0665,0.376,0.5145,0.618,0.332,0.34450000000000003,0.35150000000000003,0.308,0.6739999999999999,0.993,0.1805,80.5,0.353,0.301,1,0,2017,1627737.0,Marquese,Chriss,Marquese Chriss,"Chriss, Marquese",M. Chriss,marquese-chriss,1997-07-02T00:00:00,Washington,USA,Washington/USA,81.0,240.0,7.0,Forward,Inactive,N,1610612742.0,marquese_chriss,2016.0,2021.0,N,Y,Y,2016,N,3,3,3,No
107,Marvin Bagley III,PF,19.5,SAC,37.5,950.5,0.48550000000000004,8.45,0.866,0.397,0.3015,0.093,0.07450000000000001,0.134,0.522,0.6859999999999999,0.37,0.2965,0.492,0.2475,0.575,0.95,0.143,50.0,0.132,0.095,1,0,2019,1628963.0,Marvin,Bagley III,Marvin Bagley III,"Bagley III, Marvin",M. Bagley III,marvin-bagley-iii,1999-03-14T00:00:00,Duke,USA,Duke/USA,82.0,235.0,5.0,Forward,Active,Y,1610612764.0,marvin_bagley_iii,2018.0,2023.0,N,Y,Y,2018,N,3,3,4,Yes
108,Michael Carter-Williams,PG,22.5,PHI,68.0,2281.5,0.4005,10.35,0.8185,0.3365,0.2385,0.0895,0.154,0.1815,0.434,0.5705,0.3415,0.392,0.3105,0.2495,0.22949999999999998,0.786,0.0305,28.0,0.1055,0.3,1,0,2014,203487.0,Michael,Carter-Williams,Michael Carter-Williams,"Carter-Williams, Michael",M. Carter-Williams,michael-carter-williams,1991-10-10T00:00:00,Syracuse,USA,Syracuse/USA,77.0,190.0,10.0,Guard,Inactive,N,1610612753.0,michael_carter-williams,2013.0,2022.0,Y,Y,Y,2013,N,1,2,2,No
109,Miles Bridges,SF,20.5,CHO,72.5,1845.5,0.444,12.850000000000001,0.6054999999999999,0.3595,0.1735,0.0415,0.03,0.3945,0.5195000000000001,0.646,0.3205,0.3345,0.4055,0.3275,0.6435,0.9464999999999999,0.117,59.0,0.3665,0.386,8,0,2019,1628970.0,Miles,Bridges,Miles Bridges,"Bridges, Miles",M. Bridges,miles-bridges,1998-03-21T00:00:00,Michigan State,USA,Michigan State/USA,79.0,225.0,4.0,Forward,Active,Y,1610612766.0,miles_bridges,2018.0,2023.0,N,Y,Y,2018,N,3,3,4,Yes
110,Nassir Little,PF,19.5,POR,48.0,606.5,0.4485,13.6,0.565,0.333,0.14,0.0435,0.0485,0.435,0.5645,0.6779999999999999,0.463,0.322,0.1785,0.2935,0.623,0.9105,0.1145,15.5,0.285,0.276,0,0,2020,1629642.0,Nassir,Little,Nassir Little,"Little, Nassir",N. Little,nassir-little,2000-02-11T00:00:00,North Carolina,USA,North Carolina/USA,78.0,220.0,4.0,Forward-Guard,Active,Y,1610612756.0,nassir_little,2019.0,2023.0,N,Y,Y,2019,N,3,3,4,Yes
111,Nickeil Alexander-Walker,SG,21.5,NOP,46.5,799.0,0.39349999999999996,15.7,0.511,0.24,0.16849999999999998,0.047,0.0555,0.489,0.438,0.502,0.3905,0.3175,0.41700000000000004,0.3465,0.26849999999999996,0.917,0.0115,4.5,0.2355,0.3735,4,0,2020,1629638.0,Nickeil,Alexander-Walker,Nickeil Alexander-Walker,"Alexander-Walker, Nickeil",N. Alexander-Walker,nickeil-alexander-walker,1998-09-02T00:00:00,Virginia Tech,Canada,Virginia Tech/Canada,77.0,205.0,4.0,Guard,Active,Y,1610612750.0,nickeil_alexander-walker,2019.0,2023.0,Y,Y,Y,2019,N,1,1,2,Yes
112,Nik Stauskas,SG,21.5,SAC,73.0,1468.0,0.375,16.950000000000003,0.4505,0.215,0.07050000000000001,0.0435,0.121,0.5495,0.4405,0.5375000000000001,0.265,0.373,0.384,0.324,0.5125000000000001,0.916,0.0265,11.0,0.28900000000000003,0.316,0,0,2015,203917.0,Nik,Stauskas,Nik Stauskas,"Stauskas, Nik",N. Stauskas,nik-stauskas,1993-10-07T00:00:00,Michigan,Canada,Michigan/Canada,78.0,207.0,7.0,Guard,Inactive,N,1610612738.0,nik_stauskas,2014.0,2021.0,Y,Y,Y,2014,N,1,1,1,No
113,Noah Vonleh,PF,19.5,CHO,51.5,716.5,0.40800000000000003,8.7,0.832,0.432,0.2205,0.06,0.1195,0.168,0.42700000000000005,0.5369999999999999,0.2995,0.4335,0.246,0.312,0.444,0.9,0.084,18.0,0.152,0.143,0,0,2015,203943.0,Noah,Vonleh,Noah Vonleh,"Vonleh, Noah",N. Vonleh,noah-vonleh,1995-08-24T00:00:00,Indiana,USA,Indiana/USA,82.0,257.0,8.0,Forward,Inactive,N,0.0,noah_vonleh,2014.0,2022.0,Y,Y,Y,2014,N,1,2,2,No
114,Norman Powell,SG,22.5,TOR,62.5,1046.5,0.4365,12.75,0.6345000000000001,0.345,0.1185,0.0565,0.1175,0.36550000000000005,0.475,0.6074999999999999,0.237,0.258,0.40349999999999997,0.364,0.3035,0.945,0.064,22.5,0.453,0.42500000000000004,0,0,2016,1626181.0,Norman,Powell,Norman Powell,"Powell, Norman",N. Powell,norman-powell,1993-05-25T00:00:00,UCLA,USA,UCLA/USA,76.0,215.0,8.0,Guard,Active,Y,1610612746.0,norman_powell,2015.0,2023.0,Y,Y,Y,2015,N,2,2,2,No
115,P.J. Washington,PF,21.5,CHO,61.0,1856.5,0.4475,12.850000000000001,0.5934999999999999,0.3035,0.2415,0.03,0.018500000000000003,0.4065,0.4935,0.6365000000000001,0.35750000000000004,0.247,0.33199999999999996,0.38,0.7955000000000001,0.9555,0.098,53.5,0.249,0.4615,0,0,2020,1629023.0,P.J.,Washington,P.J. Washington,"Washington, P.J.",P. Washington,pj-washington,1998-08-23T00:00:00,Kentucky,USA,Kentucky/USA,79.0,230.0,4.0,Forward,Active,Y,1610612766.0,pj_washington,2019.0,2023.0,N,Y,Y,2019,N,3,3,3,No
116,Pat Connaughton,SG,23.5,POR,36.5,229.5,0.3895,14.35,0.5565,0.3305,0.089,0.0375,0.0995,0.4435,0.39949999999999997,0.548,0.20850000000000002,0.0,0.17149999999999999,0.3765,0.65,0.8705,0.028,2.0,0.16249999999999998,0.25,0,0,2016,1626192.0,Pat,Connaughton,Pat Connaughton,"Connaughton, Pat",P. Connaughton,pat-connaughton,1993-01-06T00:00:00,Notre Dame,USA,Notre Dame/USA,77.0,209.0,8.0,Guard,Active,Y,1610612749.0,pat_connaughton,2015.0,2023.0,N,Y,Y,2015,N,1,3,4,Yes
117,RJ Barrett,SG,19.5,NYK,64.0,2107.5,0.4215,11.1,0.7184999999999999,0.35850000000000004,0.21450000000000002,0.076,0.07050000000000001,0.2815,0.4445,0.5865,0.2925,0.29600000000000004,0.3425,0.36050000000000004,0.3535,0.9565,0.048,37.0,0.363,0.39,1,0,2020,1629628.0,RJ,Barrett,RJ Barrett,"Barrett, RJ",R. Barrett,rj-barrett,2000-06-14T00:00:00,Duke,Canada,Duke/Canada,78.0,214.0,4.0,Forward-Guard,Active,Y,1610612761.0,rj_barrett,2019.0,2023.0,N,Y,Y,2019,N,1,2,2,No
118,Raul Neto,PG,23.5,UTA,60.5,922.5,0.441,13.899999999999999,0.6355,0.3165,0.1315,0.0905,0.10350000000000001,0.36450000000000005,0.485,0.6125,0.41400000000000003,0.177,0.3885,0.359,0.2455,0.8485,0.001,0.5,0.34650000000000003,0.2585,3,0,2016,203526.0,Raul,Neto,Raul Neto,"Neto, Raul",R. Neto,raul-neto,1992-05-19T00:00:00,Murcia,Brazil,Murcia/Brazil,74.0,180.0,9.0,Guard,Inactive,N,1610612739.0,raul_neto,2015.0,2022.0,Y,Y,Y,2013,N,2,3,3,No
119,Rodney Hood,SG,22.5,UTA,64.5,1802.5,0.417,16.2,0.5415000000000001,0.1195,0.191,0.1145,0.117,0.4585,0.46399999999999997,0.639,0.41500000000000004,0.4535,0.3825,0.362,0.2645,0.8035,0.014,8.0,0.212,0.3265,2,0,2015,203918.0,Rodney,Hood,Rodney Hood,"Hood, Rodney",R. Hood,rodney-hood,1992-10-20T00:00:00,Duke,USA,Duke/USA,80.0,208.0,9.0,Guard-Forward,Inactive,N,1610612746.0,rodney_hood,2014.0,2021.0,N,Y,Y,2014,N,3,3,3,No
120,Romeo Langford,SG,20.5,BOS,25.0,326.5,0.353,11.6,0.679,0.3385,0.2305,0.06999999999999999,0.0405,0.3215,0.41200000000000003,0.603,0.273,0.3335,0.0,0.2315,0.4265,1.0,0.0505,3.0,0.444,0.25,1,0,2020,1629641.0,Romeo,Langford,Romeo Langford,"Langford, Romeo",R. Langford,romeo-langford,1999-10-25T00:00:00,Indiana,USA,Indiana/USA,77.0,216.0,5.0,Guard-Forward,Inactive,Y,1610612759.0,romeo_langford,2019.0,2022.0,Y,Y,Y,2019,N,1,2,3,Yes
121,Rondae Hollis-Jefferson,SF,21.5,BRK,53.5,1188.0,0.4455,8.6,0.8875,0.46599999999999997,0.1595,0.10900000000000001,0.152,0.1125,0.46950000000000003,0.5825,0.22699999999999998,0.4915,0.357,0.255,0.5469999999999999,0.8415,0.07050000000000001,23.0,0.3575,0.20400000000000001,0,0,2016,1626178.0,Rondae,Hollis-Jefferson,Rondae Hollis-Jefferson,"Hollis-Jefferson, Rondae",R. Hollis-Jefferson,rondae-hollis-jefferson,1995-01-03T00:00:00,Arizona,USA,Arizona/USA,78.0,217.0,7.0,Forward,Inactive,N,1610612751.0,rondae_hollis-jefferson,2015.0,2020.0,N,Y,Y,2015,N,2,2,2,No
122,Ryan Kelly,PF,22.5,LAL,55.5,1272.5,0.38,15.3,0.5914999999999999,0.177,0.153,0.1395,0.1225,0.4085,0.4065,0.6465000000000001,0.299,0.28700000000000003,0.343,0.337,0.651,0.9475,0.039,13.0,0.2205,0.448,0,0,2014,203527.0,Ryan,Kelly,Ryan Kelly,"Kelly, Ryan",R. Kelly,ryan-kelly,1991-04-09T00:00:00,Duke,USA,Duke/USA,83.0,230.0,5.0,Forward,Inactive,N,1610612747.0,ryan_kelly,2013.0,2016.0,Y,Y,Y,2013,N,3,3,1,No
123,Sam Dekker,PF,21.5,HOU,40.0,712.5,0.2365,6.3,0.282,0.218,0.049,0.006,0.0115,0.218,0.2955,0.3235,0.1785,0.2,0.25,0.1605,0.3635,0.4835,0.0605,22.0,0.1765,0.197,0,0,2016,1626155.0,Sam,Dekker,Sam Dekker,"Dekker, Sam",S. Dekker,sam-dekker,1994-05-06T00:00:00,Wisconsin,USA,Wisconsin/USA,80.0,219.0,5.0,Forward,Inactive,N,0.0,sam_dekker,2015.0,2021.0,Y,Y,Y,2015,N,1,3,3,No
124,Shabazz Napier,PG,23.5,MIA,53.0,806.0,0.36,18.1,0.4825,0.14400000000000002,0.0655,0.059,0.2145,0.5175000000000001,0.3755,0.358,0.25,0.4425,0.40149999999999997,0.34550000000000003,0.194,0.7190000000000001,0.0,0.0,0.20400000000000001,0.3085,1,0,2015,203894.0,Shabazz,Napier,Shabazz Napier,"Napier, Shabazz",S. Napier,shabazz-napier,1991-07-14T00:00:00,Connecticut,USA,Connecticut/USA,72.0,175.0,7.0,Guard,Inactive,N,1610612757.0,shabazz_napier,2014.0,2019.0,Y,Y,Y,2014,N,1,1,1,No
125,Shai Gilgeous-Alexander,PG,20.5,LAC,76.0,2301.0,0.4735,11.3,0.7795000000000001,0.3,0.21200000000000002,0.179,0.0885,0.2205,0.5075000000000001,0.624,0.4105,0.4575,0.47150000000000003,0.357,0.27249999999999996,0.7210000000000001,0.0235,19.0,0.2935,0.42200000000000004,1,0,2019,1628983.0,Shai,Gilgeous-Alexander,Shai Gilgeous-Alexander,"Gilgeous-Alexander, Shai",S. Gilgeous-Alexander,shai-gilgeous-alexander,1998-07-12T00:00:00,Kentucky,Canada,Kentucky/Canada,78.0,195.0,5.0,Guard,Active,Y,1610612760.0,shai_gilgeous-alexander,2018.0,2023.0,N,Y,Y,2018,N,2,2,2,No
126,Shake Milton,SG,22.5,PHI,30.0,536.5,0.4375,16.0,0.5035000000000001,0.225,0.135,0.0825,0.0605,0.4965,0.5,0.636,0.321,0.5165,0.375,0.374,0.5660000000000001,0.904,0.009,1.5,0.251,0.3685,0,0,2019,1629003.0,Shake,Milton,Shake Milton,"Milton, Shake",S. Milton,shake-milton,1996-09-26T00:00:00,Southern Methodist,USA,Southern Methodist/USA,77.0,205.0,5.0,Guard-Forward,Active,Y,1610612750.0,shake_milton,2018.0,2023.0,Y,Y,Y,2018,N,2,3,3,No
127,Shane Larkin,PG,21.5,DAL,62.0,1177.0,0.4065,13.600000000000001,0.727,0.22149999999999997,0.187,0.105,0.2135,0.273,0.4425,0.599,0.398,0.3335,0.37,0.309,0.3495,0.8165,0.0,0.0,0.122,0.35,0,0,2014,203499.0,Shane,Larkin,Shane Larkin,"Larkin, Shane",S. Larkin,shane-larkin,1992-10-02T00:00:00,Miami,USA,Miami/USA,71.0,175.0,4.0,Guard,Inactive,N,1610612751.0,shane_larkin,2013.0,2017.0,Y,Y,Y,2013,N,2,2,2,No
128,Sindarius Thornwell,SG,23.5,LAC,68.5,734.5,0.388,10.2,0.716,0.363,0.28099999999999997,0.036,0.0365,0.28400000000000003,0.43,0.534,0.307,0.25,0.2355,0.2885,0.737,1.0,0.0235,3.5,0.463,0.268,2,0,2018,1628414.0,Sindarius,Thornwell,Sindarius Thornwell,"Thornwell, Sindarius",S. Thornwell,sindarius-thornwell,1994-11-15T00:00:00,South Carolina,USA,South Carolina/USA,76.0,215.0,5.0,Guard,Inactive,N,1610612746.0,sindarius_thornwell,2017.0,2020.0,Y,Y,Y,2017,N,1,1,4,Yes
129,Solomon Hill,SF,22.5,IND,55.0,1303.5,0.4105,14.5,0.5485,0.2885,0.121,0.0795,0.06,0.4515,0.509,0.529,0.4165,0.6885,0.175,0.3155,0.375,0.8425,0.03,15.0,0.434,0.3125,0,0,2014,203524.0,Solomon,Hill,Solomon Hill,"Hill, Solomon",S. Hill,solomon-hill,1991-03-18T00:00:00,Arizona,USA,Arizona/USA,78.0,226.0,9.0,Forward,Inactive,N,0.0,solomon_hill,2013.0,2021.0,Y,Y,Y,2013,N,2,2,3,Yes
130,Spencer Dinwiddie,PG,21.5,DET,23.0,307.0,0.32699999999999996,12.4,0.715,0.276,0.16949999999999998,0.13,0.13,0.28500000000000003,0.392,0.535,0.1845,0.34550000000000003,0.419,0.14250000000000002,0.1195,0.0835,0.0125,1.0,0.031,0.125,2,0,2015,203915.0,Spencer,Dinwiddie,Spencer Dinwiddie,"Dinwiddie, Spencer",S. Dinwiddie,spencer-dinwiddie,1993-04-06T00:00:00,Colorado,USA,Colorado/USA,77.0,215.0,9.0,Guard,Active,Y,1610612751.0,spencer_dinwiddie,2014.0,2023.0,Y,Y,Y,2014,N,1,2,2,No
131,Stanley Johnson,SF,19.5,DET,75.0,1529.0,0.364,15.1,0.618,0.189,0.16199999999999998,0.123,0.144,0.382,0.404,0.6065,0.2815,0.434,0.2655,0.2995,0.3455,0.911,0.014,6.5,0.3265,0.3685,3,0,2016,1626169.0,Stanley,Johnson,Stanley Johnson,"Johnson, Stanley",S. Johnson,stanley-johnson,1996-05-29T00:00:00,Arizona,USA,Arizona/USA,78.0,242.0,8.0,Forward-Guard,Inactive,N,0.0,stanley_johnson,2015.0,2022.0,Y,Y,Y,2015,N,2,3,3,No
132,Sterling Brown,SG,22.5,MIL,56.0,905.0,0.4325,14.1,0.5425,0.3215,0.12,0.0545,0.047,0.4575,0.49850000000000005,0.5795,0.297,0.577,0.3035,0.3565,0.627,0.95,0.042499999999999996,9.0,0.40700000000000003,0.451,1,0,2018,1628425.0,Sterling,Brown,Sterling Brown,"Brown, Sterling",S. Brown,sterling-brown,1995-02-10T00:00:00,Southern Methodist,USA,Southern Methodist/USA,77.0,219.0,6.0,Guard-Forward,Inactive,N,0.0,sterling_brown,2017.0,2022.0,Y,Y,Y,2017,N,1,2,2,No
133,Steven Adams,C,20.5,OKC,75.5,1484.0,0.5235000000000001,3.05,0.9975,0.6315,0.3215,0.040499999999999994,0.004,0.0025,0.525,0.629,0.3515,0.2915,0.0,0.0,0.6315,0.0,0.1875,49.0,0.0,0.0,0,0,2014,203500.0,Steven,Adams,Steven Adams,"Adams, Steven",S. Adams,steven-adams,1993-07-20T00:00:00,Pittsburgh,New Zealand,Pittsburgh/New Zealand,83.0,265.0,10.0,Center,Active,Y,1610612763.0,steven_adams,2013.0,2023.0,N,Y,Y,2013,N,2,3,3,No
134,Svi Mykhailiuk,SF,21.5,TOT,49.0,852.5,0.3695,19.4,0.32999999999999996,0.16499999999999998,0.0755,0.03,0.0595,0.6699999999999999,0.379,0.513,0.1545,0.3095,0.3335,0.365,0.6174999999999999,0.9524999999999999,0.023,5.5,0.23249999999999998,0.39149999999999996,0,0,2019,1629004.0,Svi,Mykhailiuk,Svi Mykhailiuk,"Mykhailiuk, Svi",S. Mykhailiuk,svi-mykhailiuk,1997-06-10T00:00:00,Kansas,Ukraine,Kansas/Ukraine,79.0,205.0,5.0,Guard-Forward,Active,Y,1610612738.0,sviatoslav_mykhailiuk,2018.0,2023.0,Y,Y,Y,2018,N,1,1,2,Yes
135,T.J. McConnell,PG,23.5,PHI,81.0,1869.5,0.4655,10.8,0.8505,0.27,0.2585,0.2075,0.115,0.1495,0.4955,0.5974999999999999,0.4425,0.48050000000000004,0.383,0.274,0.221,0.761,0.0,0.0,0.172,0.33,5,0,2016,204456.0,T.J.,McConnell,T.J. McConnell,"McConnell, T.J.",T. McConnell,tj-mcconnell,1992-03-25T00:00:00,Arizona,USA,Arizona/USA,73.0,190.0,8.0,Guard,Active,Y,1610612754.0,t.j._mcconnell,2015.0,2023.0,N,Y,Y,2015,N,2,3,3,No
136,Taurean Prince,SF,22.5,ATL,70.5,1722.5,0.41300000000000003,13.65,0.5865,0.2975,0.136,0.095,0.0595,0.4135,0.452,0.5720000000000001,0.366,0.307,0.3025,0.35450000000000004,0.5055000000000001,0.8885000000000001,0.028,14.0,0.327,0.4105,1,0,2017,1627752.0,Taurean,Prince,Taurean Prince,"Prince, Taurean",T. Prince,taurean-prince,1994-03-22T00:00:00,Baylor,USA,Baylor/USA,78.0,218.0,7.0,Forward,Active,Y,1610612747.0,taurean_prince,2016.0,2023.0,Y,Y,Y,2016,N,1,2,3,Yes
137,Terance Mann,SF,23.5,LAC,54.0,812.5,0.48850000000000005,10.2,0.7435,0.369,0.2185,0.118,0.038,0.2565,0.5245,0.699,0.393,0.321,0.1665,0.384,0.42000000000000004,0.778,0.081,18.0,0.5605,0.35750000000000004,0,0,2020,1629611.0,Terance,Mann,Terance Mann,"Mann, Terance",T. Mann,terance-mann,1996-10-18T00:00:00,Florida State,USA,Florida State/USA,77.0,215.0,4.0,Guard-Forward,Active,Y,1610612746.0,terance_mann,2019.0,2023.0,Y,Y,Y,2019,N,3,3,4,Yes
138,Terry Rozier,PG,21.5,BOS,56.5,787.0,0.3205,14.0,0.6545,0.2835,0.11599999999999999,0.112,0.143,0.34550000000000003,0.348,0.412,0.2215,0.291,0.3625,0.27,0.2955,0.9035,0.0035,1.5,0.2725,0.311,0,0,2016,1626179.0,Terry,Rozier,Terry Rozier,"Rozier, Terry",T. Rozier,terry-rozier,1994-03-17T00:00:00,Louisville,USA,Louisville/USA,73.0,190.0,8.0,Guard,Active,Y,1610612766.0,terry_rozier,2015.0,2023.0,Y,Y,Y,2015,N,1,1,2,Yes
139,Thon Maker,C,19.5,MIL,65.5,900.0,0.435,13.4,0.631,0.311,0.126,0.0795,0.11449999999999999,0.369,0.49050000000000005,0.5915,0.3405,0.33199999999999996,0.439,0.33799999999999997,0.786,1.0,0.1225,25.0,0.3745,0.352,0,0,2017,1627748.0,Thon,Maker,Thon Maker,"Maker, Thon",T. Maker,thon-maker,1997-02-25T00:00:00,Athlete Institute Prep,South Sudan,Athlete Institute Prep/South Sudan,84.0,221.0,5.0,Forward-Center,Inactive,N,0.0,thon_maker,2016.0,2020.0,Y,Y,Y,2016,N,3,3,4,Yes
140,Tim Hardaway Jr.,SG,21.5,NYK,75.5,1778.0,0.4085,17.2,0.4925,0.1975,0.0735,0.068,0.1535,0.5075000000000001,0.4665,0.6425000000000001,0.21550000000000002,0.32199999999999995,0.4145,0.35250000000000004,0.528,0.881,0.03,20.0,0.2565,0.318,2,0,2014,203501.0,Tim,Hardaway Jr.,Tim Hardaway Jr.,"Hardaway Jr., Tim",T. Hardaway Jr.,tim-hardaway-jr,1992-03-16T00:00:00,Michigan,USA,Michigan/USA,77.0,205.0,10.0,Guard-Forward,Active,Y,1610612742.0,tim_hardaway_jr,2013.0,2023.0,Y,Y,Y,2013,N,3,3,4,Yes
141,Tony Bradley,C,20.5,UTA,6.0,32.5,0.3865,6.2,0.9545,0.4805,0.216,0.2135,0.0455,0.0455,0.4,0.6515,0.125,0.125,0.0,0.0,0.646,0.0,0.0315,0.5,0.0,0.0,0,0,2018,1628396.0,Tony,Bradley,Tony Bradley,"Bradley, Tony",T. Bradley,tony-bradley,1998-01-08T00:00:00,North Carolina,USA,North Carolina/USA,83.0,248.0,7.0,Center-Forward,Inactive,N,0.0,tony_bradley,2017.0,2022.0,Y,Y,Y,2017,N,3,3,4,Yes
142,Tony Snell,SG,22.5,CHI,74.5,1321.5,0.4065,16.95,0.4695,0.186,0.1225,0.036000000000000004,0.1255,0.5305,0.475,0.609,0.34750000000000003,0.315,0.41400000000000003,0.34550000000000003,0.552,0.966,0.036,11.5,0.27349999999999997,0.3625,0,0,2014,203503.0,Tony,Snell,Tony Snell,"Snell, Tony",T. Snell,tony-snell,1991-11-10T00:00:00,New Mexico,USA,New Mexico/USA,78.0,213.0,10.0,Guard,Inactive,N,1610612740.0,tony_snell,2013.0,2021.0,Y,Y,Y,2013,N,1,3,4,Yes
143,Trae Young,PG,20.5,ATL,70.5,2311.5,0.4275,15.850000000000001,0.5805,0.224,0.155,0.146,0.0565,0.4195,0.489,0.579,0.4355,0.4575,0.3645,0.3425,0.186,0.3605,0.0,0.0,0.035,0.484,1,0,2019,1629027.0,Trae,Young,Trae Young,"Young, Trae",T. Young,trae-young,1998-09-19T00:00:00,Oklahoma,USA,Oklahoma/USA,73.0,164.0,5.0,Guard,Active,Y,1610612737.0,trae_young,2018.0,2023.0,N,Y,Y,2018,N,1,2,2,No
144,Trey Burke,PG,21.5,UTA,73.0,2275.0,0.374,16.4,0.6185,0.1475,0.14,0.09,0.2415,0.3815,0.405,0.502,0.324,0.365,0.40900000000000003,0.324,0.2405,0.871,0.0005,0.5,0.15,0.41200000000000003,3,0,2014,203504.0,Trey,Burke,Trey Burke,"Burke, Trey",T. Burke,trey-burke,1992-11-12T00:00:00,Michigan,USA,Michigan/USA,72.0,185.0,10.0,Guard,Inactive,N,1610612742.0,trey_burke,2013.0,2021.0,Y,Y,Y,2013,N,1,1,1,No
145,Trey Lyles,PF,20.5,UTA,75.5,1270.0,0.4,14.2,0.6205,0.209,0.1805,0.10300000000000001,0.129,0.3795,0.4305,0.5555,0.36050000000000004,0.352,0.3845,0.351,0.4945,0.9564999999999999,0.03,12.0,0.42300000000000004,0.402,1,0,2016,1626168.0,Trey,Lyles,Trey Lyles,"Lyles, Trey",T. Lyles,trey-lyles,1995-11-05T00:00:00,Kentucky,Canada,Kentucky/Canada,81.0,234.0,8.0,Forward,Active,Y,1610612758.0,trey_lyles,2015.0,2023.0,N,Y,Y,2015,N,2,2,4,Yes
146,Ty Jerome,SG,22.5,PHO,32.0,558.0,0.391,17.5,0.48650000000000004,0.096,0.228,0.1185,0.043,0.5135,0.43,0.5900000000000001,0.40800000000000003,0.4165,0.24150000000000002,0.35150000000000003,0.239,0.837,0.0,0.0,0.1875,0.36750000000000005,1,0,2020,1629660.0,Ty,Jerome,Ty Jerome,"Jerome, Ty",T. Jerome,ty-jerome,1997-07-08T00:00:00,Virginia,USA,Virginia/USA,77.0,195.0,4.0,Guard-Forward,Active,Y,1610612739.0,ty_jerome,2019.0,2023.0,Y,Y,Y,2019,N,1,2,3,Yes
147,Tyler Ennis,PG,20.5,TOT,39.5,532.5,0.405,11.4,0.746,0.34299999999999997,0.16249999999999998,0.1385,0.10250000000000001,0.254,0.438,0.509,0.32099999999999995,0.474,0.339,0.30600000000000005,0.3315,0.8335,0.007,1.0,0.20600000000000002,0.507,0,0,2015,203898.0,Tyler,Ennis,Tyler Ennis,"Ennis, Tyler",T. Ennis,tyler-ennis,1994-08-24T00:00:00,Syracuse,Canada,Syracuse/Canada,75.0,194.0,4.0,Guard,Inactive,N,1610612747.0,tyler_ennis,2014.0,2017.0,Y,Y,Y,2014,N,1,2,2,No
148,Tyler Herro,SG,20.5,MIA,54.5,1571.5,0.4335,17.25,0.5515,0.14250000000000002,0.133,0.1125,0.16349999999999998,0.4485,0.48,0.6255,0.444,0.4165,0.421,0.3745,0.46699999999999997,0.7565,0.008,5.0,0.14450000000000002,0.465,2,0,2020,1629639.0,Tyler,Herro,Tyler Herro,"Herro, Tyler",T. Herro,tyler-herro,2000-01-20T00:00:00,Kentucky,USA,Kentucky/USA,77.0,195.0,4.0,Guard,Active,Y,1610612748.0,tyler_herro,2019.0,2023.0,N,Y,Y,2019,N,2,3,3,No
149,Tyrone Wallace,PG,23.5,LAC,46.0,739.5,0.4345,7.8,0.875,0.3325,0.3725,0.14400000000000002,0.026000000000000002,0.125,0.4635,0.6055,0.363,0.39949999999999997,0.4145,0.23049999999999998,0.5625,1.0,0.0195,4.5,0.48550000000000004,0.3695,1,0,2018,1627820.0,Tyrone,Wallace,Tyrone Wallace,"Wallace, Tyrone",T. Wallace,tyrone-wallace,1994-06-10T00:00:00,California,USA,California/USA,77.0,198.0,4.0,Guard,Inactive,N,0.0,tyrone_wallace,2017.0,2021.0,Y,Y,Y,2016,N,3,3,3,No
150,Tyus Jones,PG,19.5,MIN,48.5,673.5,0.38649999999999995,14.2,0.6285000000000001,0.216,0.201,0.092,0.119,0.37150000000000005,0.42100000000000004,0.534,0.4205,0.35,0.275,0.32899999999999996,0.311,0.755,0.0,0.0,0.252,0.32399999999999995,0,0,2016,1626145.0,Tyus,Jones,Tyus Jones,"Jones, Tyus",T. Jones,tyus-jones,1996-05-10T00:00:00,Duke,USA,Duke/USA,73.0,196.0,8.0,Guard,Active,Y,1610612764.0,tyus_jones,2015.0,2023.0,Y,Y,Y,2015,N,1,1,3,Yes
151,Victor Oladipo,PG,21.5,ORL,76.0,2530.0,0.4275,11.600000000000001,0.7655000000000001,0.406,0.098,0.0785,0.183,0.2345,0.456,0.5605,0.2545,0.36750000000000005,0.3675,0.333,0.276,0.728,0.044,41.5,0.158,0.322,4,0,2014,203506.0,Victor,Oladipo,Victor Oladipo,"Oladipo, Victor",V. Oladipo,victor-oladipo,1992-05-04T00:00:00,Indiana,USA,Indiana/USA,75.0,213.0,10.0,Guard,Active,N,1610612745.0,victor_oladipo,2013.0,2023.0,N,Y,Y,2013,N,1,2,2,No
152,Wendell Carter Jr.,C,19.5,CHI,43.5,1183.0,0.5095000000000001,7.2,0.9145000000000001,0.4875,0.211,0.14100000000000001,0.0745,0.08549999999999999,0.5385,0.6805,0.353,0.446,0.313,0.1975,0.7355,1.0,0.18,58.0,0.41000000000000003,0.1605,0,0,2019,1628976.0,Wendell,Carter Jr.,Wendell Carter Jr.,"Carter Jr., Wendell",W. Carter Jr.,wendell-carter-jr,1999-04-16T00:00:00,Duke,USA,Duke/USA,82.0,270.0,5.0,Center-Forward,Active,Y,1610612753.0,wendell_carter_jr,2018.0,2023.0,N,Y,Y,2018,N,3,3,4,Yes
153,Wes Iwundu,SF,23.5,ORL,65.0,1126.5,0.4195,11.3,0.7505,0.35750000000000004,0.1555,0.10250000000000001,0.135,0.2495,0.4595,0.604,0.318,0.3605,0.3105,0.2815,0.536,1.0,0.062,14.0,0.4445,0.2455,0,0,2018,1628411.0,Wes,Iwundu,Wes Iwundu,"Iwundu, Wes",W. Iwundu,wes-iwundu,1994-12-20T00:00:00,Kansas State,USA,Kansas State/USA,78.0,195.0,6.0,Forward,Inactive,N,0.0,wes_iwundu,2017.0,2021.0,Y,Y,Y,2017,N,2,2,2,No
154,Zach Collins,C,20.5,POR,71.5,1200.5,0.4355,12.15,0.6535,0.347,0.1525,0.0945,0.0615,0.347,0.49450000000000005,0.633,0.41300000000000003,0.28300000000000003,0.1815,0.3205,0.6505000000000001,0.948,0.0695,20.5,0.1915,0.3335,1,0,2018,1628380.0,Zach,Collins,Zach Collins,"Collins, Zach",Z. Collins,zach-collins,1997-11-19T00:00:00,Gonzaga,USA,Gonzaga/USA,83.0,250.0,5.0,Forward-Center,Active,Y,1610612759.0,zach_collins,2017.0,2023.0,Y,Y,Y,2017,N,2,2,4,Yes
